Time,Amplitude
0.0,-0.032940055590955926
0.004001600640256103,0.6346701394751122
0.008003201280512205,2.3191324311324206
0.012004801920768308,-2.040025592890835
0.01600640256102441,2.4788660912460485
0.020008003201280513,1.981337623923191
0.024009603841536616,2.315907822486434
0.028011204481792718,0.77065334898731
0.03201280512204882,2.844972974925606
0.03601440576230493,2.8120197340265207
0.040016006402561026,3.2297202216588468
0.044017607042817125,3.1172117855813073
0.04801920768307323,3.2084843129866476
0.05202080832332934,1.7755584710019237
0.056022408963585436,6.886698165479643
0.060024009603841535,3.3731141865449663
0.06402561024409764,1.0091368865315002
0.06802721088435375,6.839465379067085
0.07202881152460985,4.420134286656805
0.07603041216486595,4.330749540222047
0.08003201280512205,2.6068955079784697
0.08403361344537816,7.213930755717358
0.08803521408563425,3.106292955149671
0.09203681472589036,4.9947715930807375
0.09603841536614646,5.717020037976328
0.10004001600640257,2.280349160528707
0.10404161664665867,5.193102248775307
0.10804321728691477,6.940774397339042
0.11204481792717087,2.1794820674931845
0.11604641856742698,3.3302150372924144
0.12004801920768307,6.328431298630981
0.12404961984793918,4.402494725020659
0.12805122048819528,2.877408854969335
0.13205282112845138,2.9081750571225107
0.1360544217687075,6.043825752568282
0.1400560224089636,1.1153333220974724
0.1440576230492197,5.371154915946855
0.1480592236894758,1.3000693539822366
0.1520608243297319,2.4188674303250566
0.156062424969988,4.232356831802098
0.1600640256102441,1.9996760393099458
0.1640656262505002,1.4070450653014064
0.16806722689075632,0.9584730530065608
0.1720688275310124,3.3533147762612083
0.1760704281712685,1.3461554305606145
0.18007202881152462,0.07146499979297666
0.1840736294517807,0.5760544490848535
0.18807523009203683,1.853751877754197
0.19207683073229292,0.35459772897550373
0.19607843137254902,0.1563649139155979
0.20008003201280514,-2.369939266585088
0.20408163265306123,2.742683537790456
0.20808323329331735,-1.8749681629439792
0.21208483393357344,-0.5681092149924181
0.21608643457382953,-0.7409768972614631
0.22008803521408565,-2.17407056929635
0.22408963585434175,0.34302759204213984
0.22809123649459784,-1.8247979718442857
0.23209283713485396,-1.7246233740052843
0.23609443777511005,-3.635305742610868
0.24009603841536614,1.1937685077495646
0.24409763905562226,-2.1781816917533745
0.24809923969587835,-4.649004168582191
0.25210084033613445,-1.0840923955755952
0.25610244097639057,-0.28831249044331925
0.2601040416166467,-4.85301241311834
0.26410564225690275,-0.958936273099772
0.26810724289715887,-2.8605247586257905
0.272108843537415,-2.4809381927289227
0.27611044417767105,-1.676503085478714
0.2801120448179272,-1.9830428772026742
0.2841136454581833,-3.498258434750133
0.2881152460984394,-3.6601301596588525
0.2921168467386955,2.1736898351348333
0.2961184473789516,-5.724209354064194
0.3001200480192077,-2.6482619859269283
0.3041216486594638,-0.4727024703358545
0.3081232492997199,-1.5707111661416913
0.312124849939976,-3.0469780175131342
0.3161264505802321,-1.6442245579695638
0.3201280512204882,-1.832505706937426
0.32412965186074433,-1.4814487319509504
0.3281312525010004,-1.3163219536367075
0.3321328531412565,-1.5019201276218848
0.33613445378151263,-2.9351814217113366
0.3401360544217687,0.08012918171514359
0.3441376550620248,0.36451278531828585
0.34813925570228094,-3.994577837609782
0.352140856342537,0.5551497134410328
0.3561424569827931,-1.757768584168059
0.36014405762304924,1.4456415807536231
0.36414565826330536,-2.5879713133478504
0.3681472589035614,-1.0152177243177947
0.37214885954381755,0.5865715116718333
0.37615046018407367,-0.25777788748722774
0.38015206082432973,-0.6007329208235137
0.38415366146458585,-1.633676330639534
0.38815526210484197,0.9707577608913537
0.39215686274509803,0.0345706790020427
0.39615846338535415,-0.4293963532049278
0.4001600640256103,0.029728681101581583
0.40416166466586634,-0.5642323867623008
0.40816326530612246,-0.23141349040831752
0.4121648659463786,3.048784876312701
0.4161664665866347,-3.4329101623627998
0.42016806722689076,0.7925305411193561
0.4241696678671469,1.319552456814352
0.428171268507403,0.9788755415167105
0.43217286914765907,-2.2251052558177933
0.4361744697879152,0.4113787577857641
0.4401760704281713,2.4242394372744203
0.44417767106842737,-2.4489170222572594
0.4481792717086835,1.8117252530418235
0.4521808723489396,-0.5619665091250527
0.4561824729891957,-1.0064765996774363
0.4601840736294518,1.5745828454997675
0.4641856742697079,1.0476447150587667
0.468187274909964,-3.010373833971566
0.4721888755502201,0.9883693031925304
0.4761904761904762,1.3610795277347452
0.4801920768307323,-0.3493821323376996
0.4841936774709884,-3.0639084238275966
0.4881952781112445,2.399867660548018
0.49219687875150064,-0.27201819358080215
0.4961984793917567,-1.5539910695999868
0.5002000800320128,1.4876348759866762
0.5042016806722689,-2.5698604271905703
0.508203281312525,1.3109962381459734
0.5122048819527811,-0.3613529737478159
0.5162064825930373,-0.08067171741704027
0.5202080832332934,-2.29859978865219
0.5242096838735495,0.9132637573628781
0.5282112845138055,0.7766065788852117
0.5322128851540616,-1.6363854947750087
0.5362144857943177,-1.3870744180484142
0.5402160864345739,0.9078025086029355
0.54421768707483,-0.4318437851862969
0.5482192877150861,0.07899636318791783
0.5522208883553421,-1.9370509118963588
0.5562224889955982,-0.05607571874433202
0.5602240896358543,1.7519970506552747
0.5642256902761105,-2.462117801720895
0.5682272909163666,1.0717521257204774
0.5722288915566227,-1.6663354619515114
0.5762304921968788,1.4774964535689776
0.5802320928371348,-0.7527749999632868
0.584233693477391,0.20063759323529234
0.5882352941176471,-1.1997862629866325
0.5922368947579032,0.12333542846141084
0.5962384953981593,2.497988148024378
0.6002400960384154,-2.136506298778002
0.6042416966786714,-1.1791947887669254
0.6082432973189276,2.8214874444086724
0.6122448979591837,-0.04515532997957564
0.6162464985994398,-1.6271339895528845
0.6202480992396959,1.6106939913162792
0.624249699879952,-0.3015284229317683
0.6282513005202081,1.1302943863451274
0.6322529011604642,-0.3015967822453341
0.6362545018007203,1.9591989982709093
0.6402561024409764,-2.682022547391417
0.6442577030812325,3.2746168693735305
0.6482593037214887,1.8564184027621151
0.6522609043617448,-2.956286138607459
0.6562625050020008,2.0123065256335444
0.6602641056422569,2.0971922593630667
0.664265706282513,0.42128041389404874
0.6682673069227691,-1.027719575490025
0.6722689075630253,2.1584658005233064
0.6762705082032814,0.597118762437276
0.6802721088435374,0.6261832221112156
0.6842737094837935,0.9481840460721175
0.6882753101240496,0.5940832950577126
0.6922769107643058,-0.7621680305891767
0.6962785114045619,4.078417204584476
0.700280112044818,-1.2454910099147114
0.704281712685074,0.17032632503149192
0.7082833133253301,1.368168137261587
0.7122849139655862,1.3469182602267336
0.7162865146058424,1.1896771650717584
0.7202881152460985,-1.8838727333149092
0.7242897158863546,2.4882275154476554
0.7282913165266107,0.09313198382475237
0.7322929171668667,1.4172882251972803
0.7362945178071229,-1.0038482777606552
0.740296118447379,0.5945450760287292
0.7442977190876351,1.6635649830610666
0.7482993197278912,0.23442367616563597
0.7523009203681473,-0.5338516456047201
0.7563025210084033,1.172713894738856
0.7603041216486595,-0.669141659619509
0.7643057222889156,2.2124359796059716
0.7683073229291717,-0.053269535966843314
0.7723089235694278,-1.8067562404321806
0.7763105242096839,1.84454146150468
0.7803121248499401,0.9086167502741231
0.7843137254901961,0.5232918238877787
0.7883153261304522,-3.0180801819330765
0.7923169267707083,3.9220283535933547
0.7963185274109644,-0.5685362415576628
0.8003201280512205,-0.8876022248792359
0.8043217286914767,1.3253458412451362
0.8083233293317327,-0.47833435169214433
0.8123249299719888,0.02193849006525217
0.8163265306122449,1.8203212597719316
0.820328131252501,-0.636771761730422
0.8243297318927572,-1.4877433712438188
0.8283313325330133,1.9659699090479894
0.8323329331732694,1.6714534567945891
0.8363345338135254,-2.1362367430231335
0.8403361344537815,-0.7420868630344591
0.8443377350940376,4.1316119879916675
0.8483393357342938,-2.670538625627497
0.8523409363745499,1.533607199862896
0.856342537014806,-0.2284470880859735
0.860344137655062,0.5074583383052107
0.8643457382953181,0.7126647556776964
0.8683473389355743,0.5822894073256105
0.8723489395758304,-0.1000966951142713
0.8763505402160865,-1.097005247136777
0.8803521408563426,3.2107346783267725
0.8843537414965986,-0.19946080215946504
0.8883553421368547,-1.2091858658279704
0.8923569427771109,1.1047732230497131
0.896358543417367,1.6391303095450476
0.9003601440576231,-0.4056285973108386
0.9043617446978792,0.6881402350613798
0.9083633453381353,-1.3353017961260947
0.9123649459783914,3.0391864289712083
0.9163665466186475,-0.8158125993907337
0.9203681472589036,0.34106067570973847
0.9243697478991597,-0.17914452345979354
0.9283713485394158,0.6012148772733416
0.932372949179672,1.6655183966403972
0.936374549819928,-1.4680103667734372
0.9403761504601841,1.2102596762896227
0.9443777511004402,-1.5506093293286634
0.9483793517406963,2.0858857976240195
0.9523809523809524,0.17552084741465157
0.9563825530212086,-2.2560387442296506
0.9603841536614646,0.3647479365173944
0.9643857543017207,2.404114286166698
0.9683873549419768,-2.4174432494367055
0.9723889555822329,-0.602047069663363
0.976390556222489,0.15901065788644952
0.9803921568627452,0.48468954712035295
0.9843937575030013,-1.8789235641519366
0.9883953581432573,0.2707873105717758
0.9923969587835134,-0.5527087180881182
0.9963985594237695,-2.874076814370118
1.0004001600640255,3.3236356137422747
1.0044017607042817,-3.4703118663401384
1.0084033613445378,-1.8773560358666965
1.012404961984794,0.438690605220577
1.01640656262505,0.5238786311671382
1.0204081632653061,-3.42640328263243
1.0244097639055623,-1.4145450799108725
1.0284113645458184,0.6586865392262439
1.0324129651860745,-1.9117966409430296
1.0364145658263306,-1.8860836082422858
1.0404161664665867,-0.20476078368594708
1.0444177671068429,-2.8588744827305708
1.048419367747099,-0.5417594529940987
1.0524209683873549,0.41652454523856774
1.056422569027611,-4.252759763088758
1.0604241696678671,-0.2460349052208574
1.0644257703081232,-1.36788741578638
1.0684273709483794,0.40484757724474546
1.0724289715886355,-4.219784599537456
1.0764305722288916,-0.44080061108718466
1.0804321728691477,-0.2342497307875865
1.0844337735094038,-1.7459753239714444
1.08843537414966,-0.8881078841772699
1.092436974789916,-2.5790401084513452
1.0964385754301722,0.2148188654886297
1.1004401760704283,-0.5518781845957585
1.1044417767106842,-1.85235627371231
1.1084433773509403,-1.2515341428556919
1.1124449779911965,-0.1557307930009616
1.1164465786314526,-1.0559280410583065
1.1204481792717087,0.9801999276160506
1.1244497799119648,-3.0256983995937503
1.128451380552221,0.5464633885624895
1.132452981192477,-0.12543974252251366
1.1364545818327332,1.420734971497696
1.1404561824729893,-2.774899393189473
1.1444577831132454,-0.3127244686830131
1.1484593837535015,3.2972653575419555
1.1524609843937577,-2.4875772094369126
1.1564625850340136,0.6274355565348755
1.1604641856742697,0.550858986562657
1.1644657863145258,0.5712788859417713
1.168467386954782,0.17872486346989527
1.172468987595038,1.7617542612467438
1.1764705882352942,-0.9610579445777595
1.1804721888755503,0.570774734215669
1.1844737895158064,2.574998015511294
1.1884753901560625,1.3099926773840787
1.1924769907963186,-2.993137960743852
1.1964785914365748,4.102479904580732
1.2004801920768309,1.6955707691218596
1.2044817927170868,-1.437837915318992
1.208483393357343,2.129596402056947
1.212484993997599,0.46048585839775785
1.2164865946378551,2.1832375062225946
1.2204881952781113,-0.08955906868574331
1.2244897959183674,2.4688941695711053
1.2284913965586235,-1.1479996640276573
1.2324929971988796,2.164067023796693
1.2364945978391357,2.6699298829726876
1.2404961984793919,-0.9858656867671086
1.244497799119648,0.05998007753373211
1.248499399759904,3.0785743568351163
1.2525010004001602,0.3600267700413796
1.2565026010404161,0.29048055795870864
1.2605042016806722,0.006658158848248996
1.2645058023209284,1.1978165084536092
1.2685074029611845,1.6160308437856477
1.2725090036014406,-1.2538677488749803
1.2765106042416967,1.241661028305644
1.2805122048819528,-1.4469587917341156
1.284513805522209,2.7401136553007914
1.288515406162465,-1.6304503120392262
1.2925170068027212,-0.029852557747578418
1.2965186074429773,-0.11462312635841249
1.3005202080832334,-0.35497801679616653
1.3045218087234896,1.3463595495444778
1.3085234093637454,-1.9097243345919408
1.3125250100040016,-1.4590141699414287
1.3165266106442577,1.3685453908530003
1.3205282112845138,0.02381004545127722
1.32452981192477,-2.898539586487083
1.328531412565026,-0.4161741255758296
1.3325330132052822,0.35480544663461566
1.3365346138455383,-0.47202611323139326
1.3405362144857944,-3.2127631727393147
1.3445378151260505,1.7561869680950695
1.3485394157663066,-3.3712083123977283
1.3525410164065628,0.4349501418096576
1.3565426170468189,0.32627577786629364
1.3605442176870748,-3.5969934902783427
1.364545818327331,-0.6191898566424554
1.368547418967587,0.714894245602925
1.3725490196078431,-0.4775484991625747
1.3765506202480993,-4.178316427548009
1.3805522208883554,1.3405285930371607
1.3845538215286115,0.14161913424188116
1.3885554221688676,-2.375866669576965
1.3925570228091237,-0.6056240302077909
1.3965586234493799,0.39041504874548194
1.400560224089636,-2.310647602939976
1.404561824729892,2.1017129599566537
1.408563425370148,-1.6231930327328383
1.4125650260104041,-1.0582048627518927
1.4165666266506602,0.3213939376331923
1.4205682272909164,1.5985581388147978
1.4245698279311725,-0.5526364563424554
1.4285714285714286,-2.330523318675231
1.4325730292116847,3.561465469890768
1.4365746298519408,-0.69981871069051
1.440576230492197,0.9132082979275922
1.444577831132453,-0.3864736304452388
1.4485794317727092,1.0398275896032936
1.4525810324129653,1.8002338148297474
1.4565826330532214,0.9706971898902702
1.4605842336934773,-0.03239753261481744
1.4645858343337335,1.8839278059530515
1.4685874349739896,1.3206416364365492
1.4725890356142457,2.436638053204488
1.4765906362545018,0.388706983441078
1.480592236894758,1.0898437932075908
1.484593837535014,2.745840287806915
1.4885954381752702,1.7153596861404183
1.4925970388155263,2.608523202757167
1.4965986394557824,-1.6908282055284605
1.5006002400960385,5.299627840843636
1.5046018407362947,1.7237525342335849
1.5086034413765508,0.2930779412247447
1.5126050420168067,2.1052351105595264
1.5166066426570628,2.843954505226425
1.520608243297319,1.6198127523527501
1.524609843937575,1.5769078847422235
1.5286114445778312,2.319661631684156
1.5326130452180873,0.6616043007181924
1.5366146458583434,2.1102230008670624
1.5406162464985995,3.665737420826821
1.5446178471388556,-0.4741943773285744
1.5486194477791118,-0.2196853519491061
1.5526210484193679,5.908501435067816
1.556622649059624,-1.0638888064951164
1.5606242496998801,0.7998595008360706
1.564625850340136,0.9236680106223153
1.5686274509803921,2.6872570200519275
1.5726290516206483,-0.5111564256348644
1.5766306522609044,0.8905303243101188
1.5806322529011605,1.2947448269589996
1.5846338535414166,-1.5898220352885515
1.5886354541816727,2.834452656791191
1.5926370548219289,-0.19385199623507368
1.596638655462185,-2.026819974790734
1.600640256102441,0.7016876264270335
1.6046418567426972,1.6289137092912522
1.6086434573829533,-2.1418072253535065
1.6126450580232095,-0.8000296498819676
1.6166466586634654,-0.9056942974919715
1.6206482593037215,1.2367106120578955
1.6246498599439776,-2.7916939580455655
1.6286514605842337,-0.23472881075352925
1.6326530612244898,-1.9239179256705896
1.636654661864746,-0.7025167784515242
1.640656262505002,0.17104849215549242
1.6446578631452582,-3.8660754722523976
1.6486594637855143,-0.2317777945616833
1.6526610644257704,-2.3272914725192355
1.6566626650660266,-0.15071442416859826
1.6606642657062827,-2.3588511642237284
1.6646658663465388,-2.5837240456330055
1.6686674669867947,-1.5312800764162358
1.6726690676270508,0.045533553492209534
1.676670668267307,-3.0490891902155393
1.680672268907563,-2.835237564439645
1.6846738695478192,-1.3725379479779642
1.6886754701880753,0.27821438536756016
1.6926770708283314,-4.247781545412511
1.6966786714685875,-1.6972562954481898
1.7006802721088436,-0.13415177254658267
1.7046818727490998,-3.859973564887902
1.708683473389356,0.9906081640562007
1.712685074029612,-3.255139168807229
1.716686674669868,-1.9611244610176488
1.720688275310124,-1.4232472133646015
1.7246898759503801,1.05507893671932
1.7286914765906363,-3.654968428620371
1.7326930772308924,-2.6485625052972654
1.7366946778711485,2.0575642142830812
1.7406962785114046,-1.623100236390659
1.7446978791516607,-3.116523162586263
1.7486994797919169,0.9071675251539142
1.752701080432173,-1.0559244404020207
1.756702681072429,-1.1438257715105884
1.7607042817126852,0.7426979075556224
1.7647058823529413,-2.2734815436087676
1.7687074829931972,-0.11287012975986943
1.7727090836334534,-0.3255599837169798
1.7767106842737095,2.026892306650022
1.7807122849139656,-4.120408005286019
1.7847138855542217,1.3419712990788102
1.7887154861944778,1.5281057092239583
1.792717086834734,-1.5306093057934955
1.79671868747499,-0.07016212539166644
1.8007202881152462,-0.2933038298988483
1.8047218887555023,1.2453516218951877
1.8087234893957584,-0.03102633515931305
1.8127250900360146,-0.32338550778447955
1.8167266906762707,-0.5198428951811489
1.8207282913165266,0.8446465125798474
1.8247298919567827,0.3609871231133361
1.8287314925970388,0.3911677179985582
1.832733093237295,-1.8227594640972327
1.836734693877551,2.1547413835977083
1.8407362945178072,-0.8404744094559377
1.8447378951580633,1.3416425009466273
1.8487394957983194,-2.035501591133288
1.8527410964385755,-0.412031470170745
1.8567426970788317,2.7596827872359886
1.8607442977190878,-2.186823833077072
1.864745898359344,-0.528701298366572
1.8687474989996,-0.1655776485276345
1.872749099639856,1.424631667267208
1.876750700280112,-1.9259389354433816
1.8807523009203682,-0.11265774668126582
1.8847539015606243,-0.2643981723434578
1.8887555022008804,-1.0725113469852918
1.8927571028411365,0.11598833432527977
1.8967587034813926,0.6355671406166711
1.9007603041216488,-4.328923080141916
1.9047619047619049,1.7722639785558245
1.908763505402161,0.8327845729932586
1.9127651060424171,-3.0484401101628555
1.9167667066826732,-1.0191180313104484
1.9207683073229291,0.2688841797029116
1.9247699079631853,0.7111774474178263
1.9287715086034414,-3.788790091121278
1.9327731092436975,1.8248855977940976
1.9367747098839536,-2.039222083048167
1.9407763105242097,-0.6113062369789699
1.9447779111644659,1.0457429387757367
1.948779511804722,-1.874591583323156
1.952781112444978,-1.8908489641161355
1.9567827130852342,1.878538969951746
1.9607843137254903,-0.23794658902667173
1.9647859143657465,-1.9572020936352836
1.9687875150060026,-0.5040159634458986
1.9727891156462585,1.7630510164181183
1.9767907162865146,-0.12338795900203334
1.9807923169267707,-1.5616075236883746
1.9847939175670268,2.05946797850571
1.988795518207283,-1.3662924037365285
1.992797118847539,3.1348723516395722
1.9967987194877952,-1.0568108780518097
2.000800320128051,0.7376468912517722
2.0048019207683074,1.2475314930163952
2.0088035214085633,1.650254051592871
2.0128051220488197,1.824808059306129
2.0168067226890756,-0.07713427217886282
2.020808323329332,2.0492861279295727
2.024809923969588,2.652923491113043
2.028811524609844,2.280678316051896
2.0328131252501,0.6035839668151357
2.0368147258903564,1.9388684471056918
2.0408163265306123,3.8662647706118585
2.0448179271708686,3.2162999902592913
2.0488195278111245,-0.6433005552176828
2.0528211284513804,5.542415495266723
2.0568227290916368,1.8268138265078961
2.0608243297318927,3.4250579521596314
2.064825930372149,3.265274386718028
2.068827531012405,2.4231546989562074
2.0728291316526612,3.1388360425817967
2.076830732292917,3.9124828667807554
2.0808323329331735,4.82489949145006
2.0848339335734294,-0.5258889059466616
2.0888355342136857,5.132890354418078
2.0928371348539416,5.398263804820096
2.096838735494198,1.1268512502398753
2.100840336134454,2.217681337402845
2.1048419367747098,5.68542212773446
2.108843537414966,1.8982315886542822
2.112845138055222,3.654141028152915
2.1168467386954783,2.4552106227589885
2.1208483393357342,3.0168704194357274
2.1248499399759906,1.8094964300816596
2.1288515406162465,4.608313629971955
2.132853141256503,2.0373761084472295
2.1368547418967587,-0.8829892054213766
2.140856342537015,6.096664450748231
2.144857943177271,0.9589856519216919
2.1488595438175273,1.0147697492006928
2.152861144457783,0.7642239460513149
2.156862745098039,2.7263781333585055
2.1608643457382954,0.8729302686915968
2.1648659463785513,0.40844462956216565
2.1688675470188077,0.13499935180182154
2.1728691476590636,0.5428146378534844
2.17687074829932,0.3348096702259781
2.180872348939576,0.7758358985895721
2.184873949579832,-2.3662034281279265
2.188875550220088,-0.3661613465692499
2.1928771508603444,0.3426278583935826
2.1968787515006003,-2.194257347064242
2.2008803521408566,-0.5554431075519697
2.2048819527811125,-4.392723507410902
2.2088835534213684,0.9648265204416268
2.212885154061625,-2.7471174991002845
2.2168867547018807,-3.2683634330059355
2.220888355342137,-3.2580095502751956
2.224889955982393,-1.4486210335084684
2.2288915566226493,-2.6965476647584508
2.232893157262905,-5.191320239913449
2.2368947579031615,-2.528872407961334
2.2408963585434174,-3.4015271872652124
2.2448979591836737,-4.330995514778875
2.2488995598239296,-2.5493049573129754
2.252901160464186,-4.859337116081358
2.256902761104442,-5.939416391204732
2.2609043617446978,-0.6102648221528671
2.264905962384954,-5.588382657334198
2.26890756302521,-5.23209170117246
2.2729091636654664,-5.0691691289679675
2.2769107643057223,-0.9192163496794629
2.2809123649459786,-6.6136589610611685
2.2849139655862345,-5.187938772482233
2.288915566226491,-1.9237245807601402
2.2929171668667467,-6.071121565653307
2.296918767507003,-2.888148899932229
2.300920368147259,-3.9264022069863533
2.3049219687875153,-5.186425902779946
2.308923569427771,-3.8375491102783545
2.312925170068027,-1.1738906298993403
2.3169267707082835,-4.91460113414078
2.3209283713485394,-4.703179855041249
2.3249299719887957,-2.158081185420849
2.3289315726290516,-0.7195149680360966
2.332933173269308,-6.021050376364637
2.336934773909564,-1.2331995279247498
2.34093637454982,-2.5437290226855866
2.344937975190076,-2.163664778605931
2.3489395758303324,-0.9406049897303959
2.3529411764705883,-3.6362846120570396
2.356942777110844,-0.32109792877971594
2.3609443777511006,-1.8192028815816212
2.3649459783913565,0.5974039280426205
2.368947579031613,-2.696320895378465
2.3729491796718687,-0.5997920071530187
2.376950780312125,0.5657880614735846
2.380952380952381,0.4604988267461861
2.3849539815926373,-0.7739326510998878
2.388955582232893,-0.12302754709715634
2.3929571828731495,0.5618064682961545
2.3969587835134054,3.0774361082120016
2.4009603841536618,-1.2877200788738725
2.4049619847939177,0.7506924842145858
2.4089635854341735,3.4732822458354806
2.41296518607443,0.3597815404009891
2.416966786714686,2.621953507772731
2.420968387354942,0.3878647852824639
2.424969987995198,3.292701401582977
2.4289715886354544,0.7887850137722685
2.4329731892757103,4.512288076428764
2.4369747899159666,1.0633828726895236
2.4409763905562225,0.5836737441364748
2.444977991196479,5.582901503674646
2.4489795918367347,2.790791282392346
2.452981192476991,-0.17614958610591852
2.456982793117247,3.898294632432869
2.460984393757503,4.179529546758404
2.4649859943977592,1.5903612689587903
2.468987595038015,2.736108361802297
2.4729891956782715,3.031763896663839
2.4769907963185274,3.1171462136320645
2.4809923969587837,1.72202049238591
2.4849939975990396,5.799839351659825
2.488995598239296,-1.1801623404918309
2.492997198879552,3.8403069092087563
2.496998799519808,4.7296288970007305
2.501000400160064,1.1773781556267
2.5050020008003204,1.3578719131400574
2.5090036014405763,2.9800097761770523
2.5130052020808322,4.01709376074614
2.5170068027210886,0.5690372194205504
2.5210084033613445,2.34155928329014
2.525010004001601,2.2144100259392765
2.5290116046418567,2.0623986927350146
2.533013205282113,2.4533521351755443
2.537014805922369,1.8551053953085193
2.5410164065626253,-0.4820689321889221
2.545018007202881,4.211432785578103
2.5490196078431375,0.5378539554374164
2.5530212084833934,1.8105501683856413
2.5570228091236498,-0.12103932035289844
2.5610244097639057,1.8254753904134775
2.5650260104041616,2.7999042825669194
2.569027611044418,-0.8504029038731782
2.573029211684674,1.0420223979614274
2.57703081232493,0.09261727102453844
2.581032412965186,3.0840498169239847
2.5850340136054424,-1.1957980032697997
2.5890356142456983,-0.25930829624569474
2.5930372148859546,1.6359743540122702
2.5970388155262105,0.30271617700879155
2.601040416166467,-0.4078658288567692
2.6050420168067228,1.4282597509787622
2.609043617446979,-2.0988934612418535
2.613045218087235,1.3342690757464457
2.617046818727491,1.0054435916154785
2.6210484193677472,-1.3849482282531316
2.625050020008003,-1.5506548561646214
2.6290516206482595,1.1239059080204594
2.6330532212885154,1.979425280838296
2.6370548219287717,-4.887430266647914
2.6410564225690276,1.972024155295042
2.645058023209284,-0.36994075064192
2.64905962384954,-1.1665655140402302
2.653061224489796,-0.2724484912065665
2.657062825130052,-0.5184257166891671
2.6610644257703084,-1.784155228874022
2.6650660264105643,0.354772405869063
2.6690676270508202,0.374365431206382
2.6730692276910766,-2.736971771328955
2.6770708283313325,-1.523081265396338
2.681072428971589,2.255129546892852
2.6850740296118447,-1.6381738357243611
2.689075630252101,-3.4056818577296064
2.693077230892357,1.8897348694396028
2.6970788315326133,-2.1926693952899177
2.701080432172869,0.39464569571821445
2.7050820328131255,-2.53674652975208
2.7090836334533814,-0.33167452867290315
2.7130852340936378,-1.260243436780689
2.7170868347338937,-0.026829032457984292
2.7210884353741496,-0.6734954829948026
2.725090036014406,-3.0186850590141487
2.729091636654662,0.5885464260393768
2.733093237294918,-0.3299409275475597
2.737094837935174,-1.465482521444386
2.7410964385754304,-1.6454413115388793
2.7450980392156863,-0.8543217314134194
2.7490996398559426,0.00974095701711318
2.7531012404961985,-0.23531300588082954
2.757102841136455,-3.8676681241187207
2.7611044417767108,1.3061703226438661
2.765106042416967,-1.1806093804229012
2.769107643057223,-0.3386540284317187
2.773109243697479,-2.316694336619352
2.7771108443377353,-0.1388481071303461
2.781112444977991,-0.2357729714651434
2.7851140456182475,-1.636649173886522
2.7891156462585034,1.180383066402718
2.7931172468987597,-3.623875441874482
2.7971188475390156,0.36945315520784344
2.801120448179272,1.2375574590152671
2.805122048819528,-1.9972257160330573
2.809123649459784,-2.4958621714602067
2.81312525010004,2.1162615127517355
2.817126850740296,-0.5278672228071293
2.8211284513805523,-1.5822096939615
2.8251300520208082,-1.052107011331877
2.8291316526610646,1.657244355184274
2.8331332533013205,-2.2253743317351318
2.837134853941577,1.0424683236188472
2.8411364545818327,0.3540798310983217
2.845138055222089,-3.2321881592383965
2.849139655862345,3.1785993871616456
2.8531412565026013,-0.2853402283446343
2.857142857142857,-0.9820441483324176
2.8611444577831135,-1.3720235751518866
2.8651460584233694,3.2620235627620446
2.8691476590636253,-0.52821004314695
2.8731492597038817,-1.3505498809587297
2.8771508603441376,1.2633114728815062
2.881152460984394,0.5691219065172264
2.88515406162465,-0.1171488628719632
2.889155662264906,1.6303307775983995
2.893157262905162,-1.1912921597895274
2.8971588635454184,0.7425519985522282
2.9011604641856743,2.0655155343104084
2.9051620648259306,-0.6461412983923426
2.9091636654661865,0.68505647776847
2.913165266106443,-0.9117225767295715
2.917166866746699,3.6180197779533967
2.9211684673869547,-1.1577849109108742
2.925170068027211,0.6143203929002423
2.929171668667467,-0.06196688162171049
2.9331732693077233,1.6742253657198742
2.937174869947979,1.3881668338959967
2.9411764705882355,-1.711991884020845
2.9451780712284914,1.209740115955987
2.9491796718687477,1.4786640364386114
2.9531812725090036,-0.19723625637354464
2.95718287314926,0.3054321045032279
2.961184473789516,0.33380623561959505
2.9651860744297722,-0.6151842452218406
2.969187675070028,2.0725765481088967
2.973189275710284,-0.7018438148244986
2.9771908763505404,-0.15322129340734805
2.9811924769907963,-1.8059992375512175
2.9851940776310526,3.883253292244816
2.9891956782713085,-2.2675146874595056
2.993197278911565,-2.2265127855446325
2.9971988795518207,2.540839370976876
3.001200480192077,-1.1547519431878326
3.005202080832333,-0.8626495697528778
3.0092036814725893,-0.9173565904474126
3.013205282112845,0.012457904103021458
3.0172068827531016,-1.8346089570586765
3.0212084833933575,0.7817133512729297
3.0252100840336134,-1.1404859256822497
3.0292116846738697,-2.9608898569418898
3.0332132853141256,-0.18160822369514446
3.037214885954382,1.9077906835420164
3.041216486594638,-5.14032438197486
3.045218087234894,-0.3164863970695687
3.04921968787515,-0.04957939761260844
3.0532212885154064,-1.4130701462493351
3.0572228891556623,-1.715202613763136
3.0612244897959187,-2.0917311537737007
3.0652260904361746,0.0338306269697882
3.069227691076431,-2.811200397265827
3.073229291716687,0.7574271809483553
3.0772308923569427,-3.4986528875812177
3.081232492997199,-1.3850300469955261
3.085234093637455,0.28236466008681915
3.0892356942777113,-1.4001280319960356
3.093237294917967,-2.6328162704033367
3.0972388955582235,-0.759249771954495
3.1012404961984794,-0.8091274018301617
3.1052420968387358,0.22533677022843582
3.1092436974789917,-2.871910054803747
3.113245298119248,-0.9761408728394056
3.117246898759504,0.6522085825195655
3.1212484993997602,-1.0320737499505324
3.125250100040016,-0.31245889306907904
3.129251700680272,-2.3718386198329657
3.1332533013205284,2.53698999255442
3.1372549019607843,-1.9374027226765327
3.1412565026010406,0.9940754294077543
3.1452581032412965,-0.4056828026090021
3.149259703881553,-0.9567562885284777
3.1532613045218087,2.2493970599440654
3.157262905162065,0.9728239961304086
3.161264505802321,-1.4974745779874736
3.1652661064425773,1.006136071658015
3.1692677070828332,3.380127302978185
3.1732693077230896,0.3702856661010043
3.1772709083633455,-0.5338734663674404
3.1812725090036014,2.680461644746491
3.1852741096438577,2.7091355498708793
3.1892757102841136,-0.9561118334833983
3.19327731092437,4.703668406849151
3.197278911564626,-0.5879327430087364
3.201280512204882,2.5368681626026377
3.205282112845138,3.6448731113425015
3.2092837134853944,1.8859496642721822
3.2132853141256503,0.3857192438563561
3.2172869147659067,2.990140507923595
3.2212885154061626,5.324356289459563
3.225290116046419,-0.524857155493579
3.229291716686675,2.35270427057315
3.2332933173269307,4.118808694681501
3.237294917967187,2.11307016806856
3.241296518607443,2.071168028917005
3.2452981192476993,3.2102555121038465
3.249299719887955,0.6738413423349159
3.2533013205282115,4.475257574331716
3.2573029211684674,1.8722259175277656
3.2613045218087238,2.3628758329224593
3.2653061224489797,0.4104591610596372
3.269307723089236,3.8335308839649467
3.273309323729492,2.868951780271872
3.2773109243697482,-0.42897602637003324
3.281312525010004,2.9940902480646114
3.28531412565026,0.868888033150314
3.2893157262905164,3.482729089868681
3.2933173269307723,-0.3035407198691461
3.2973189275710286,0.5627080653450831
3.3013205282112845,2.0742038190381535
3.305322128851541,1.4843379528176768
3.3093237294917968,-0.5433760988676594
3.313325330132053,0.8480469125341495
3.317326930772309,-0.23653372674525758
3.3213285314125653,1.1136316723642377
3.3253301320528212,-0.4165178573819146
3.3293317326930776,-0.2838057804231258
3.3333333333333335,-1.626895213994891
3.3373349339735894,-0.014565869715869676
3.3413365346138457,1.9235417598652604
3.3453381352541016,-5.449631790166622
3.349339735894358,0.4958258301225761
3.353341336534614,-0.18409038887860307
3.35734293717487,-1.6933449318994844
3.361344537815126,-3.159881661877099
3.3653461384553824,-0.6177894354652242
3.3693477390956383,-1.7128041847562852
3.3733493397358947,-2.7021165828684786
3.3773509403761506,-0.741556371626705
3.3813525410164065,-3.0778342786482384
3.385354141656663,-3.775845593436584
3.3893557422969187,0.8033942978855613
3.393357342937175,-2.647868617793199
3.397358943577431,-5.716538107062211
3.4013605442176873,0.3373983010927478
3.405362144857943,-2.3999301739571197
3.4093637454981995,-2.257529639447922
3.4133653461384554,-4.665091047529366
3.417366946778712,-0.056926785325043874
3.4213685474189677,-3.37714962699292
3.425370148059224,-2.077430642659721
3.42937174869948,-1.2500445736032515
3.433373349339736,-4.257359594160097
3.437374949979992,-0.4962670362585242
3.441376550620248,-0.9764987816032493
3.4453781512605044,-2.8094975174708674
3.4493797519007603,-2.6860179361433527
3.4533813525410166,-0.17907216430054118
3.4573829531812725,-0.8137736638821932
3.461384553821529,-1.47319910831214
3.4653861544617848,-2.8578463614514744
3.469387755102041,1.2651190119378126
3.473389355742297,-1.3750953553358067
3.4773909563825534,0.5259340357227016
3.4813925570228093,-2.441095984905976
3.485394157663065,0.8785405235058306
3.4893957583033215,1.3403152484028633
3.4933973589435774,-1.5207214857171136
3.4973989595838337,1.72020970502423
3.5014005602240896,-1.0424234808611776
3.505402160864346,1.723340237342312
3.509403761504602,1.31660399179087
3.513405362144858,0.7077660658976844
3.517406962785114,-0.7067116987066172
3.5214085634253705,2.9930330105844813
3.5254101640656264,2.538227807373182
3.5294117647058827,-0.25590369520591416
3.5334133653461386,0.1566779134489684
3.5374149659863945,5.0553769967297075
3.541416566626651,-0.1669772688721657
3.5454181672669067,1.4728210119608416
3.549419767907163,3.057283716552354
3.553421368547419,-0.049639215649606064
3.5574229691876753,3.524164155575124
3.561424569827931,1.677136986071823
3.5654261704681876,1.9062221186657151
3.5694277711084434,-0.7389342522980528
3.5734293717487,5.427420342417145
3.5774309723889557,1.401250264748517
3.581432573029212,-1.2418715702440262
3.585434173669468,3.088504013879256
3.589435774309724,2.8910027071275404
3.59343737494998,-0.17648715845477536
3.597438975590236,1.7370372054544716
3.6014405762304924,0.9652138664225425
3.6054421768707483,1.0233208278144401
3.6094437775110046,1.703391508318361
3.6134453781512605,0.3782225699571172
3.617446978791517,0.21121266444583067
3.621448579431773,-0.8092446607303829
3.625450180072029,4.011668076261216
3.629451780712285,-2.808887359484147
3.6334533813525414,0.15203894430476034
3.6374549819927973,0.18257098131227362
3.641456582633053,0.2965640915132016
3.6454581832733095,-0.31792492120387106
3.6494597839135654,-2.3577774205130164
3.6534613845538217,-0.029931572336164655
3.6574629851940776,-0.20703362064639805
3.661464585834334,-1.4011003003723732
3.66546618647459,-2.3155316611684897
3.6694677871148462,-1.2753688515823196
3.673469387755102,-1.2417660070633427
3.6774709883953585,-1.2057816147116842
3.6814725890356144,-3.1959017380511074
3.6854741896758707,-1.0428209762828322
3.6894757903161266,-3.9655103343638394
3.6934773909563825,1.0810277559993338
3.697478991596639,-3.7943006585361
3.7014805922368947,-4.301740325338997
3.705482192877151,-0.2007646570893316
3.709483793517407,-1.9074232932158657
3.7134853941576633,-3.1317537350802205
3.717486994797919,-3.8850140944258666
3.7214885954381756,0.18914514401241894
3.7254901960784315,-3.6666296864443506
3.729491796718688,-2.3890236297715295
3.7334933973589437,-1.4817907855064245
3.7374949979992,-3.4428393516995426
3.741496598639456,-2.244105508510288
3.745498199279712,1.0478152065600725
3.749499799919968,-5.206079822469574
3.753501400560224,-1.8083643261271063
3.7575030012004804,0.0006278837096041594
3.7615046018407363,-1.0200032953532043
3.7655062024809927,-3.6342134656568676
3.7695078031212486,-1.1917180083467602
3.773509403761505,1.580832778883292
3.777511004401761,-3.6688721031658194
3.781512605042017,1.1596115267854832
3.785514205682273,-1.9754449490150665
3.7895158063225294,-0.6500683151778839
3.7935174069627853,0.898057567080286
3.797519007603041,0.182465181976875
3.8015206082432975,-1.688448090866544
3.8055222088835534,0.7645173433855091
3.8095238095238098,1.7866896380269577
3.8135254101640657,0.7929838070793752
3.817527010804322,-1.1754983780315424
3.821528611444578,2.2358107786484496
3.8255302120848342,2.016001540523491
3.82953181272509,0.7201567346564399
3.8335334133653465,1.905858393530827
3.8375350140056024,-0.46066863579166123
3.8415366146458583,4.7938323927158875
3.8455382152861146,0.4014936907370671
3.8495398159263705,2.3810283752300285
3.853541416566627,1.693341119108182
3.8575430172068828,2.507307928497509
3.861544617847139,3.145931125552096
3.865546218487395,2.1641866533315137
3.8695478191276513,1.8414304997185167
3.8735494197679072,2.074263747652728
3.8775510204081636,4.492588216204844
3.8815526210484195,2.5581656256982037
3.885554221688676,0.25043778002624006
3.8895558223289317,4.051460496907346
3.8935574229691876,4.950783982654267
3.897559023609444,-0.6033723334961683
3.9015606242497,4.198994768885978
3.905562224889956,1.7997114364663567
3.909563825530212,3.2941955974597956
3.9135654261704684,2.09110210565305
3.9175670268107243,3.2804256871951196
3.9215686274509807,0.8846485129442502
3.9255702280912366,1.9304656615965692
3.929571828731493,5.819452929401049
3.933573429371749,-1.0847528023927855
3.937575030012005,1.2362425745228662
3.941576630652261,4.347656037183755
3.945578231292517,1.8363925573775681
3.9495798319327733,-0.3636391940017659
3.953581432573029,2.608703953737897
3.9575830332132855,1.1345784979798283
3.9615846338535414,1.863569119581522
3.9655862344937978,0.4737003986603124
3.9695878351340537,2.056890499241825
3.97358943577431,-1.4219369991171422
3.977591036414566,2.91813119633984
3.9815926370548222,1.5780038847181097
3.985594237695078,-2.4990465987121158
3.9895958383353345,2.062850905386637
3.9935974389755904,0.1826131590510658
3.9975990396158463,1.4129764710778931
4.001600640256102,-1.992949332849295
4.0056022408963585,0.5116239291223236
4.009603841536615,0.37295493302231963
4.013605442176871,0.12159391435878214
4.017607042817127,-1.1387142308705986
4.021608643457383,-0.7405009693305803
4.025610244097639,-0.325868415048707
4.029611844737896,0.8244110259150241
4.033613445378151,-2.2445181516697437
4.0376150460184075,-0.32411696522301353
4.041616646658664,-0.9030693887369731
4.04561824729892,-0.931554202676257
4.049619847939176,1.2754890456344614
4.053621448579432,-4.358585320127311
4.057623049219688,0.2899419793738023
4.061624649859944,-0.4131814654171194
4.0656262505002,-0.13787507885332573
4.069627851140456,-3.8420659917820985
4.073629451780713,0.016780713625472246
4.077631052420968,0.5432814879156689
4.081632653061225,-3.000444092375673
4.085634253701481,-0.8254250460653286
4.089635854341737,-0.6808922785975472
4.093637454981993,-2.5811031298821985
4.097639055622249,0.4060175209766512
4.101640656262505,-0.7635843503487767
4.105642256902761,-3.944240822559661
4.109643857543017,0.35859878456568917
4.1136454581832735,-0.20100221242272615
4.11764705882353,-1.3699436192915235
4.121648659463785,-4.7451510743233545
4.125650260104042,2.5824825322961162
4.129651860744298,-2.1216226466818866
4.133653461384554,-2.5594673644235764
4.13765506202481,-0.12196328268232927
4.141656662665066,-2.4884993191183575
4.1456582633053225,-0.6785492106681282
4.149659863945578,-0.8786667311734593
4.153661464585834,-1.6291262585853548
4.157663065226091,-3.02323314948474
4.161664665866347,0.18537938759063244
4.165666266506602,-0.6036895571102486
4.169667867146859,-3.1014170175913747
4.173669467787115,-2.530922166356932
4.1776710684273715,1.199060168627488
4.181672669067627,-3.20115129147337
4.185674269707883,-0.6765137574292178
4.18967587034814,-3.3074385760692806
4.193677470988396,-0.6450290603879051
4.197679071628651,-0.5155795366457967
4.201680672268908,-3.2236581401948414
4.205682272909164,-1.1158599643417835
4.2096838735494195,-2.7232740822860704
4.213685474189676,0.29274889272277715
4.217687074829932,-2.6733683865940523
4.221688675470189,-1.649879992050963
4.225690276110444,-2.4794615953987447
4.2296918767507,-0.8900130158278656
4.233693477390957,-0.678341869637734
4.237695078031213,-2.7693329439941277
4.2416966786714685,-3.455002264939263
4.245698279311725,1.858142001581543
4.249699879951981,-2.8143563091625725
4.253701480592237,-2.902626463117787
4.257703081232493,-0.6110953070755839
4.261704681872749,-1.3577781256303334
4.265706282513006,-0.9731287062596403
4.269707883153261,-2.6333749938834425
4.2737094837935174,0.42905444988452623
4.277711084433774,-4.217183756975693
4.28171268507403,1.5957020673369635
4.285714285714286,-0.7284173421003574
4.289715886354542,-3.8750667286878304
4.293717486994798,0.018826173761088805
4.297719087635055,1.59018548077732
4.30172068827531,-2.4263589226674385
4.305722288915566,-1.6455139202018185
4.309723889555823,0.867645223860356
4.313725490196078,0.18338131856174442
4.3177270908363345,-1.1855193307470753
4.321728691476591,0.4545301608766507
4.325730292116847,0.2871003102689992
4.329731892757103,-1.627655496694967
4.333733493397359,4.181302765292934
4.337735094037615,-2.254712946572387
4.341736694677872,0.4580659212606828
4.345738295318127,1.6831636368553327
4.3497398959583835,2.280702513209373
4.35374149659864,0.0752544820603435
4.357743097238895,0.1333471892344545
4.361744697879152,3.3773742391632426
4.365746298519408,1.3155560732741824
4.369747899159664,1.673705879203883
4.37374949979992,1.3067909202235772
4.377751100440176,2.057848073883982
4.3817527010804325,3.159953037217145
4.385754301720689,2.5021987530735053
4.389755902360944,0.45713729243368617
4.393757503001201,4.1455484473414455
4.397759103641457,1.3363750106007894
4.401760704281713,4.740690955322112
4.405762304921969,1.1092036758032735
4.409763905562225,2.151799490657228
4.413765506202481,3.996112208998769
4.417767106842737,3.4588201972023827
4.421768707482993,2.676981493670709
4.42577030812325,0.5710983939802762
4.429771908763506,6.309309533455024
4.433773509403761,2.414263022920874
4.437775110044018,1.6813283367176182
4.441776710684274,3.745594277901506
4.44577831132453,3.3052845146567864
4.449779911964786,1.958987102441689
4.453781512605042,4.91529825166744
4.4577831132452985,1.1143362374266017
4.461784713885554,2.3469023895597156
4.46578631452581,3.6823382254376202
4.469787915166067,4.341687600974533
4.473789515806323,-0.5144772569845414
4.4777911164465785,2.201433846708533
4.481792717086835,6.094907667466762
4.485794317727091,-1.142153605234582
4.4897959183673475,2.781588136904037
4.493797519007603,1.8060830802445738
4.497799119647859,2.278576467270673
4.501800720288116,1.1657788111703065
4.505802320928372,2.280695788704808
4.509803921568627,0.04982098611546451
4.513805522208884,0.729416078275904
4.51780712284914,3.1464408744044374
4.5218087234893956,0.6492954947231764
4.525810324129652,-2.03799275970071
4.529811924769908,2.6888109134575675
4.533813525410165,1.2943994881569283
4.53781512605042,-1.3653164889157183
4.541816726690676,0.6878926161772236
4.545818327330933,-1.3016384160570347
4.549819927971189,2.1161969410093993
4.5538215286114445,-2.043803175353977
4.557823129251701,0.19437176520610203
4.561824729891957,-1.8191651064693286
4.565826330532213,0.3377258832151622
4.569827931172469,-0.3589278229439219
4.573829531812725,-2.4616018225967293
4.577831132452982,-0.8293330044843124
4.581832733093237,-1.2736306988203137
4.5858343337334935,-0.5306196123528287
4.58983593437375,-1.4205384804804304
4.593837535014006,-3.3697012554337857
4.597839135654262,-0.8661035915631027
4.601840736294518,0.6617992755115446
4.605842336934774,-4.470711282205709
4.609843937575031,-1.4014361538857685
4.613845538215286,-1.9847746766318064
4.617847138855542,-0.1732452174753775
4.621848739495799,-4.25373893695235
4.625850340136054,-0.8390429069068308
4.629851940776311,-2.0654464573006086
4.633853541416567,-3.3895801049571834
4.637855142056823,0.9897000934405589
4.641856742697079,-4.064690294537592
4.645858343337335,-3.0937900215270235
4.649859943977591,-0.15447400356004315
4.653861544617848,-0.664824593947408
4.657863145258103,-4.812530194729829
4.6618647458983595,-1.4964198093467633
4.665866346538616,-0.23507776664160526
4.669867947178871,-2.1800473102822453
4.673869547819128,-3.729090270579409
4.677871148459384,0.6703483081070323
4.68187274909964,-3.929813247836796
4.685874349739896,-0.5665094034513785
4.689875950380152,-0.5262202468074599
4.6938775510204085,-4.2591606488326645
4.697879151660665,-0.6541016203393784
4.70188075230092,-0.9353337552673333
4.705882352941177,-0.3906799082621489
4.709883953581433,-4.645715424846582
4.713885554221688,0.47358042975854325
4.717887154861945,-0.47024273809116873
4.721888755502201,-2.1258418818807034
4.7258903561424574,-1.5290392604007124
4.729891956782713,-1.2190075631094193
4.733893557422969,-1.2625220914758195
4.737895158063226,0.27657318614987814
4.741896758703482,-2.7659183274348806
4.745898359343737,-0.888689285513723
4.749899959983994,-0.479939892533395
4.75390156062425,-0.8080404479162928
4.757903161264506,-0.16802786478891554
4.761904761904762,-3.2082316464238008
4.765906362545018,1.2048366565738333
4.7699079631852745,-1.2948393664207536
4.77390956382553,0.6256347442621732
4.777911164465786,-3.3225098217491094
4.781912765106043,-0.0039032096561479115
4.785914365746299,1.671575339310627
4.7899159663865545,-2.4247855372201323
4.793917567026811,-1.1332089315317473
4.797919167667067,0.8284821951557881
4.8019207683073235,-0.6774717192235038
4.805922368947579,-0.5037025632244677
4.809923969587835,0.21311333766502366
4.813925570228092,-1.400113249007952
4.817927170868347,0.17135424967213186
4.821928771508603,0.761019693899928
4.82593037214886,0.5792264990800795
4.829931972789116,-4.313692791459422
4.833933573429372,4.045444751234686
4.837935174069628,0.0878261290373729
4.841936774709884,-2.0679032325669673
4.845938375350141,0.8466404086860299
4.849939975990396,0.9960644579746254
4.853941576630652,0.46311497609170965
4.857943177270909,-0.5078813817519016
4.861944777911165,1.6983591829491216
4.8659463785514205,-1.211429495725442
4.869947979191677,1.4588279658090888
4.873949579831933,2.1983721605361732
4.877951180472189,-1.155396047150887
4.881952781112445,-0.5250646579517411
4.885954381752701,4.4606518514713285
4.889955982392958,-0.9249708818052822
4.893957583033213,0.9179614311683815
4.8979591836734695,0.43045827623192867
4.901960784313726,2.8257577173461903
4.905962384953982,1.0522828895690846
4.909963985594238,0.31977472390345985
4.913965586234494,2.2815982793752037
4.91796718687475,0.07048779043763173
4.921968787515006,3.956950704781513
4.925970388155262,-0.11977597104673268
4.9299719887955185,1.2582299011122342
4.933973589435775,2.0738010963050293
4.93797519007603,2.4657902756425916
4.941976790716287,1.675476992680348
4.945978391356543,1.0660640170521702
4.949979991996799,0.6511162350538194
4.953981592637055,4.204324726511943
4.957983193277311,1.093059398033521
4.961984793917567,0.6131710217235316
4.965986394557824,1.7769361309308136
4.969987995198079,3.2396027917794785
4.9739895958383356,1.8105243484947782
4.977991196478592,-0.8004309444818817
4.981992797118847,4.641841281198169
4.985994397759104,-0.5244540172270833
4.98999599839936,2.909456391713585
4.993997599039616,1.7315302138219886
4.997999199679872,-0.11201387895284212
5.002000800320128,1.351047946638318
5.0060024009603845,3.543166952926998
5.010004001600641,0.3877096773175054
5.014005602240896,-1.3309399039774634
5.018007202881153,2.6457180203758837
5.022008803521409,2.64306195999923
5.0260104041616644,-1.8230135307081918
5.030012004801921,0.9302949766803726
5.034013605442177,2.252578182102815
5.0380152060824335,-1.9476439641700856
5.042016806722689,2.8954037361785914
5.046018407362945,-1.5421346567444354
5.050020008003202,-0.011951357824716125
5.054021608643458,-0.1484988845343428
5.058023209283713,2.024211920876442
5.06202480992397,-2.154474768684922
5.066026410564226,-2.034031149839149
5.070028011204482,2.642276915663533
5.074029611844738,-1.6091178083010949
5.078031212484994,-1.7010629562251343
5.082032813125251,-0.6655629056475832
5.086034413765506,-0.662364259527085
5.090036014405762,-0.8326298117195308
5.094037615046019,-0.7758368797651575
5.098039215686275,-2.85694379677781
5.1020408163265305,-0.0487970985852096
5.106042416966787,-1.8182991191542468
5.110044017607043,0.2074198082402909
5.1140456182472995,-3.8248209730662484
5.118047218887555,-0.6098111779435822
5.122048819527811,-0.5617372973963859
5.126050420168068,-1.9049024887869987
5.130052020808323,-1.1839964099327656
5.1340536214485795,-3.8215585358919273
5.138055222088836,1.4086449025353363
5.142056822729092,-1.757637702519531
5.146058423369348,-2.7909234557689273
5.150060024009604,-1.2071215497184595
5.15406162464986,0.22587048628312184
5.158063225290117,-2.011285368128979
5.162064825930372,-1.0695929710047611
5.166066426570628,-1.5086014489074988
5.170068027210885,-0.513086036291892
5.17406962785114,-1.436043971110811
5.178071228491397,1.3449463629006826
5.182072829131653,-3.101510167178236
5.186074429771909,-1.460895889158595
5.190076030412165,3.8486629425200154
5.194077631052421,-2.9698461890128045
5.198079231692677,-0.6935488516384697
5.202080832332934,0.26125640529927346
5.206082432973189,2.1944052174123128
5.2100840336134455,-2.0273148099389067
5.214085634253702,0.9583141172891128
5.218087234893958,0.9626777992923062
5.222088835534214,-0.5562600152556907
5.22609043617447,2.121628974167276
5.230092036814726,1.3848753794179702
5.234093637454982,-2.0305722016043575
5.238095238095238,2.8969675717451415
5.2420968387354945,2.6622998293327824
5.246098439375751,-0.8601514824604569
5.250100040016006,1.287643787296727
5.254101640656263,1.769138263899163
5.258103241296519,3.328234437908061
5.262104841936775,-1.420101359898345
5.266106442577031,3.278279023663649
5.270108043217287,0.4921980059529802
5.274109643857543,2.308309644029207
5.278111244497799,2.2448217425032735
5.282112845138055,-0.1292608738441331
5.286114445778312,1.9462718315985628
5.290116046418568,2.070416835302886
5.294117647058823,1.9451004436963262
5.29811924769908,0.5335085790840404
5.302120848339336,0.7954081219297688
5.306122448979592,2.1866792335756866
5.310124049619848,2.4057262405573927
5.314125650260104,-0.7467897150306742
5.3181272509003605,1.217820190185563
5.322128851540617,0.6173070345239144
5.326130452180872,3.3970620198627137
5.330132052821129,-2.4803309646019467
5.334133653461385,1.1974649801407287
5.3381352541016405,1.3843862668361033
5.342136854741897,-1.1631279897123465
5.346138455382153,1.3768184572825135
5.3501400560224095,-1.3020719572243356
5.354141656662665,-0.5444349719420299
5.358143257302921,-0.17919556322851501
5.362144857943178,1.1466657680696084
5.366146458583434,-3.3300175477211975
5.370148059223689,-1.6604742564921269
5.374149659863946,1.3845245376642754
5.378151260504202,-1.3891346145225971
5.382152861144458,-4.718010422432663
5.386154461784714,1.3306802857281648
5.39015606242497,-2.618913950950671
5.394157663065227,-1.9936597169107704
5.398159263705482,-1.4114003242900883
5.402160864345738,-3.065441479200131
5.406162464985995,-2.1918361383328597
5.410164065626251,-2.0010967359493024
5.4141656662665065,-0.4437221536399304
5.418167266906763,-6.574678716784829
5.422168867547019,-0.48423475552256656
5.4261704681872756,-0.9455020014914625
5.430172068827531,-4.295783693001432
5.434173669467787,-3.4419074776534995
5.438175270108044,-1.3438089355789666
5.442176870748299,-2.7711328941284585
5.4461784713885555,-2.3318406097651208
5.450180072028812,-3.382725287552231
5.454181672669068,-2.179481162658107
5.458183273309324,-2.310967832863649
5.46218487394958,-1.6530937412213018
5.466186474589836,-2.343349718069001
5.470188075230093,-4.381129188151549
5.474189675870348,0.9770135475838468
5.4781912765106044,-3.2890589137027706
5.482192877150861,-0.7662912736903281
5.486194477791116,-3.2753514829480777
5.490196078431373,-0.444493629780884
5.494197679071629,0.3163702895526944
5.498199279711885,-2.3849074913717847
5.502200880352141,-1.521895307498199
5.506202480992397,0.32544127273080636
5.510204081632653,0.5263227864807091
5.51420568227291,-1.3533170186589654
5.518207282913165,-0.3409573150289982
5.5222088835534215,0.8625063718340269
5.526210484193678,0.3893769027821875
5.530212084833934,0.22618252120462243
5.53421368547419,2.361693427549337
5.538215286114446,-2.7611247612719128
5.542216886754702,4.272433545514424
5.546218487394958,1.8548649875502898
5.550220088035214,-0.27541533123178746
5.5542216886754705,1.0485909765830386
5.558223289315727,3.94517064692879
5.562224889955982,2.484185076738549
5.566226490596239,-0.7066337189609156
5.570228091236495,4.5699381355787425
5.574229691876751,1.8572808845773767
5.578231292517007,2.089174844321061
5.582232893157263,3.904429028296064
5.5862344937975195,1.6937394745213226
5.590236094437775,0.8361688188433262
5.594237695078031,5.99043217244712
5.598239295718288,1.8721769153486167
5.602240896358544,1.6174189892130104
5.606242496998799,2.2158991566993302
5.610244097639056,5.616721572332315
5.614245698279312,1.0528184034326082
5.618247298919568,1.300462404758936
5.622248899559824,4.578466984497296
5.62625050020008,0.7856447055311427
5.630252100840337,4.321746998379736
5.634253701480592,0.8937254840152126
5.638255302120848,1.992036170912432
5.642256902761105,2.0978122401656436
5.646258503401361,3.0913651962019357
5.6502601040416165,0.9572051907605783
5.654261704681873,0.7083923851461743
5.658263305322129,1.674735898541227
5.6622649059623855,2.933861480901388
5.666266506602641,-0.26410183127797315
5.670268107242897,0.7784247328027959
5.674269707883154,0.48391531547418054
5.67827130852341,1.895986224469642
5.6822729091636655,0.8870016115323953
5.686274509803922,-2.8114397611970414
5.690276110444178,2.8221207143952554
5.694277711084434,-1.2209304656123088
5.69827931172469,0.3440662806629433
5.702280912364946,-1.3289315416783416
5.706282513005203,-0.3843351430968772
5.710284113645458,-1.0312913024166726
5.714285714285714,-0.11612409496656442
5.718287314925971,-0.8267021623674331
5.722288915566227,-3.658430653980587
5.7262905162064826,-0.22745956160653688
5.730292116846739,0.9706108532284337
5.734293717486995,-4.435103285274597
5.738295318127251,-2.3328397344726195
5.742296918767507,1.2454794146434056
5.746298519407763,-3.55303658164879
5.75030012004802,-1.1890206308971025
5.754301720688275,-2.7347124787221024
5.7583033213285315,-0.7045936889579315
5.762304921968788,-3.546993747070951
5.766306522609044,0.5208759815292086
5.7703081232493,-3.153527057912668
5.774309723889556,-4.238125329358385
5.778311324529812,1.7378314962415866
5.782312925170069,-2.2270681390664575
5.786314525810324,-3.592021505024896
5.7903161264505805,-1.2008831037993184
5.794317727090837,0.18772083510013887
5.798319327731092,-2.328775949204153
5.802320928371349,-1.5284194767163033
5.806322529011605,-1.2851189231289912
5.810324129651861,-0.23416676448495258
5.814325730292117,-1.6619323770375176
5.818327330932373,1.01286908739452
5.822328931572629,-3.545302797006953
5.826330532212886,0.7996360277889739
5.830332132853141,0.7947718892591409
5.834333733493398,-1.252842169137647
5.838335334133654,0.07146586477761019
5.842336934773909,-1.0465237036447834
5.846338535414166,2.745509759702678
5.850340136054422,-0.7209344650016454
5.854341736694678,0.024165475478366134
5.858343337334934,0.2133383330864098
5.86234493797519,2.4010788063307396
5.8663465386154465,0.7689398449854914
5.870348139255703,-0.0575664432555516
5.874349739895958,1.000599927545936
5.878351340536215,2.864372821417483
5.882352941176471,-0.17579818039885095
5.886354541816727,2.914828639435412
5.890356142456983,0.397962836313312
5.894357743097239,0.76157214276141
5.8983593437374955,4.5231293167531
5.902360944377751,0.15142795168967113
5.906362545018007,1.0567438374030396
5.910364145658264,1.250934152402337
5.91436574629852,5.387409049462632
5.918367346938775,-1.148294702472938
5.922368947579032,1.31092822275382
5.926370548219288,3.8755535875703493
5.9303721488595444,0.669592061233977
5.9343737494998,1.4667704559485641
5.938375350140056,2.6600064264214818
5.942376950780313,-0.2545131193511895
5.946378551420568,2.071177066146711
5.950380152060824,3.1038809548629294
5.954381752701081,-0.06345769272892318
5.958383353341337,-0.050158841697566486
5.9623849539815925,2.396172887641732
5.966386554621849,3.377956259556067
5.970388155262105,-3.5184516225621905
5.9743897559023615,2.9026129513218253
5.978391356542617,0.46318930583435536
5.982392957182873,0.3436534407539842
5.98639455782313,0.41683879150211167
5.990396158463386,-0.6129083043266285
5.9943977591036415,0.22625614106140757
5.998399359743898,0.18185385518544667
6.002400960384154,0.5887394219540181
6.00640256102441,-2.1627077552432143
6.010404161664666,-0.7223120377937345
6.014405762304922,0.7569520444769289
6.018407362945179,-1.0085132749598227
6.022408963585434,-2.8132330768271796
6.02641056422569,-0.11154628491399593
6.030412164865947,-1.9084276203531463
6.034413765506203,0.7790685657686136
6.038415366146459,-4.34857827764256
6.042416966786715,-1.1941322929344687
6.046418567426971,-0.6529236138805063
6.050420168067227,-2.331661767274949
6.054421768707483,-1.8680215204101207
6.058423369347739,-3.1763326569428156
6.062424969987996,-0.6130308493425406
6.066426570628251,-3.1329333775454784
6.0704281712685075,-0.9227022971689124
6.074429771908764,-3.540232644745028
6.07843137254902,-3.226161109001831
6.082432973189276,-0.25912840462294906
6.086434573829532,-1.805636631210563
6.090436174469788,-6.013995669378304
6.094437775110045,-0.07867032266231463
6.0984393757503,-1.7855969915363
6.1024409763905565,-3.145251097009879
6.106442577030813,-3.2929974070505494
6.110444177671068,-1.2146308180997232
6.114445778311325,-2.0754565200206336
6.118447378951581,-3.5077738687449926
6.122448979591837,0.7033191452711735
6.126450580232093,-5.775318402706504
6.130452180872349,-0.675386726763515
6.1344537815126055,-0.09488533831142214
6.138455382152862,-3.182509787244301
6.142456982793117,-3.4984403777960553
6.146458583433374,0.47595268011191255
6.15046018407363,-0.9206528111581387
6.154461784713885,-2.9314148072072177
6.158463385354142,-1.76013949237096
6.162464985994398,0.30191106659032074
6.166466586634654,-2.019998669342121
6.17046818727491,-0.27533399795934227
6.174469787915166,-0.6458050618245287
6.1784713885554225,-3.0810690868793134
6.182472989195679,2.522867118228568
6.186474589835934,-1.7009046845243347
6.190476190476191,-0.18876656112960674
6.194477791116447,-1.8112416804067137
6.1984793917567025,1.7742631582577857
6.202480992396959,0.2735433969843094
6.206482593037215,-1.389340199024534
6.2104841936774715,0.4955674731221059
6.214485794317727,0.5998146889193264
6.218487394957983,1.5902215620180937
6.22248899559824,-0.3169578147742089
6.226490596238496,-0.3056723866809917
6.230492196878751,2.1426308403887617
6.234493797519008,1.4029089160420802
6.238495398159264,-0.2832959964516519
6.2424969987995205,2.6805990723301827
6.246498599439776,-0.8090905047305932
6.250500200080032,3.5375016460464455
6.254501800720289,1.0615947927748193
6.258503401360544,1.1141984960097837
6.2625050020008,0.16495189426587512
6.266506602641057,3.6123743769433023
6.270508203281313,3.1275669080151345
6.2745098039215685,-2.1169522362058317
6.278511404561825,4.064900321085624
6.282513005202081,2.8156801256333606
6.286514605842338,0.9983524026094363
6.290516206482593,2.1345478864367013
6.294517807122849,3.0291611350432803
6.298519407763106,0.9591669315083099
6.302521008403361,3.875555219708775
6.3065226090436175,2.4128317166458126
6.310524209683874,1.4316745698556912
6.31452581032413,0.998247708306685
6.318527410964386,6.394928870843618
6.322529011604642,0.602935384716911
6.326530612244898,0.4537053159653023
6.330532212885155,5.506058304571008
6.33453381352541,1.616351582487099
6.3385354141656665,3.0318403921355994
6.342537014805923,1.3865369001364338
6.346538615446179,3.719143215624572
6.350540216086435,1.7489309937265793
6.354541816726691,3.706288090906379
6.358543417366947,2.2035445978380306
6.362545018007203,1.0350085463155108
6.366546618647459,3.4594917030571177
6.370548219287715,4.038715393197878
6.374549819927972,0.1331175955073256
6.378551420568227,2.697388057010129
6.382553021208484,2.6978483899546792
6.38655462184874,2.837181806049015
6.390556222488996,2.2406047012971833
6.394557823129252,-0.13141276456100393
6.398559423769508,4.421548597302805
6.402561024409764,1.1242480591733526
6.40656262505002,2.7440301544450523
6.410564225690276,-0.2688096642677755
6.4145658263305325,2.8271248637883253
6.418567426970789,1.8839303114144483
6.422569027611044,0.7570768510641812
6.426570628251301,1.8431644478149027
6.430572228891557,-0.2287140913805793
6.434573829531813,1.4511347690886396
6.438575430172069,2.797774962512377
6.442577030812325,-1.3624823217940574
6.4465786314525815,-0.8506417934630459
6.450580232092838,3.037362313974176
6.454581832733093,-0.2451508081830835
6.45858343337335,-0.84947925710253
6.462585034013606,-1.3055381618448294
6.466586634653861,2.759601068441486
6.470588235294118,-3.288770124956772
6.474589835934374,0.7689408711901333
6.47859143657463,-0.8871771356950441
6.482593037214886,-3.138041714719018
6.486594637855142,1.1197250285524813
6.490596238495399,-1.3384099354273518
6.494597839135655,-3.374365219302915
6.49859943977591,-2.4189053974462356
6.502601040416167,1.0266700886539142
6.506602641056423,-3.284585731378722
6.5106042416966785,-3.9683940111865654
6.514605842336935,-1.1626471369558062
6.518607442977191,-1.4892501083585086
6.5226090436174475,-4.667611207196133
6.526610644257703,-0.672626645842552
6.530612244897959,-5.177641969065632
6.534613845538216,-2.1191855263739843
6.538615446178472,-2.1386176409672664
6.5426170468187275,-4.038548255973005
6.546618647458984,-3.986632620478741
6.55062024809924,-3.8684937362282477
6.5546218487394965,-0.5721283016476348
6.558623449379752,-6.010550449260102
6.562625050020008,-3.5001280827728145
6.566626650660265,-3.5003957441764464
6.57062825130052,-2.8077819706201113
6.574629851940776,-3.7761530541601207
6.578631452581033,-4.592945036920035
6.582633053221289,-3.7690181161771625
6.586634653861545,-1.624722564966547
6.590636254501801,-5.021746444265478
6.594637855142057,-3.0445993186751585
6.598639455782314,-3.746501893702646
6.602641056422569,-2.9805948466417216
6.606642657062825,-1.9053962276827017
6.610644257703082,-4.40439549736898
6.614645858343337,-2.563580974451608
6.6186474589835935,-4.260059920593529
6.62264905962385,1.114888776281155
6.626650660264106,-4.9245108019633665
6.630652260904362,-3.422732000949796
6.634653861544618,0.35760577574686075
6.638655462184874,-1.8237679094724148
6.642657062825131,-3.1386661441723267
6.646658663465386,-0.8588008032844819
6.6506602641056425,-0.9123557718844404
6.654661864745899,-1.4200126001328266
6.658663465386155,-0.2490869735589574
6.662665066026411,-0.5150591082258131
6.666666666666667,-2.185060965428526
6.670668267306923,0.6204088630437924
6.674669867947179,3.0371849163152063
6.678671468587435,-4.5255710737236585
6.682673069227691,2.1872936774355054
6.686674669867948,1.7736102603874995
6.690676270508203,0.6541115410055017
6.69467787114846,-0.570615186061962
6.698679471788716,1.7336570414989914
6.702681072428972,2.2445906850629194
6.706682673069228,0.3930765982940764
6.710684273709484,3.180924670551948
6.71468587434974,0.3576326037762717
6.718687474989996,1.5367887737747619
6.722689075630252,4.062615904889809
6.7266906762705085,1.9460770741951876
6.730692276910765,0.09225865903950961
6.73469387755102,4.165069904324835
6.738695478191277,2.2960418501596993
6.742697078831533,3.528594494272611
6.746698679471789,0.05668533364671895
6.750700280112045,3.8745938340609904
6.754701880752301,2.9831007770332114
6.7587034813925575,2.5046734643166157
6.762705082032813,2.6115244038599834
6.766706682673069,1.1165895848532528
6.770708283313326,5.094581744312714
6.774709883953582,1.3059760283377506
6.778711484593837,2.8983198340940324
6.782713085234094,2.105793810833083
6.78671468587435,2.281539837416466
6.7907162865146065,3.2244226548826096
6.794717887154862,2.813594707506607
6.798719487795118,-0.3175486643863154
6.802721088435375,3.517726452395231
6.806722689075631,3.0143504361492526
6.810724289715886,1.6861918180590194
6.814725890356143,-0.5825506241186287
6.818727490996399,3.5750079186978154
6.8227290916366545,2.6238668150845084
6.826730692276911,-1.4970238200212984
6.830732292917167,3.8805118769758575
6.834733893557424,-0.9331248216155952
6.838735494197679,1.8220493613096245
6.842737094837935,1.6625998772161248
6.846738695478192,0.7093447560435072
6.850740296118448,-1.657454070510101
6.8547418967587035,2.223335829307577
6.85874349739896,2.3155914248407012
6.862745098039216,-2.335333811351116
6.866746698679472,-0.5996899812574251
6.870748299319728,2.9672311815148866
6.874749899959984,-1.369815626428489
6.878751500600241,-0.5780430979719435
6.882753101240496,1.0294278810448454
6.8867547018807524,-1.8367118448007012
6.890756302521009,1.6475657508139336
6.894757903161265,-1.1374220108417894
6.898759503801521,0.12625434210776634
6.902761104441777,-2.531895691387097
6.906762705082033,2.411413052193834
6.91076430572229,-0.698766493455364
6.914765906362545,-2.734767181162966
6.918767507002801,0.7051089835880389
6.922769107643058,-0.14241243270612614
6.926770708283313,-0.06124180987896176
6.9307723089235695,-1.2213912496634465
6.934773909563826,-0.8249130656718274
6.938775510204082,0.670875600486254
6.942777110844338,0.2623325481204487
6.946778711484594,-1.7004692500066725
6.95078031212485,0.5239112078902604
6.954781912765107,-1.0687216931117267
6.958783513405362,1.9003578812586497
6.9627851140456185,-1.8373888998856942
6.966786714685875,0.6420832183456857
6.97078831532613,-0.9896433749307608
6.974789915966387,1.2293843921897063
6.978791516606643,1.6698408757787424
6.982793117246899,-3.305952520522792
6.986794717887155,1.6818918378338497
6.990796318527411,1.698020377582127
6.9947979191676675,-0.1905378411938367
6.998799519807924,-1.353541008815774
7.002801120448179,2.0389473935634674
7.006802721088436,0.47694638474965934
7.010804321728692,0.16146617209687206
7.014805922368948,0.6588815292258243
7.018807523009204,0.894480816819485
7.02280912364946,-1.6208995384837281
7.026810724289716,4.040223610974919
7.030812324929972,-0.7086888887776004
7.034813925570228,-2.111310311792546
7.038815526210485,3.2230557779157603
7.042817126850741,0.75769769603853
7.046818727490996,-0.2936507206476927
7.050820328131253,-1.639520354309032
7.054821928771509,3.3309678666580256
7.058823529411765,-1.2185672543692894
7.062825130052021,0.30700470996393625
7.066826730692277,0.7327684933811756
7.0708283313325335,-1.2003835506465368
7.074829931972789,0.5920629086341854
7.078831532613045,1.761915944038038
7.082833133253302,-2.582375297396805
7.086834733893558,-0.4040367467523556
7.0908363345338135,0.9187124304657237
7.09483793517407,0.02263082840270622
7.098839535814326,-1.8264627599419518
7.1028411364545825,-1.6707772998636856
7.106842737094838,1.7966324631480324
7.110844337735094,-2.6715095917546905
7.114845938375351,0.35906568039059467
7.118847539015607,-3.2037325137271555
7.122849139655862,0.11915894872768673
7.126850740296119,-0.6983545924333767
7.130852340936375,-2.522397512743501
7.1348539415766306,-1.5196409293113906
7.138855542216887,-1.8534076765841527
7.142857142857143,-0.9911027846627638
7.1468587434974,-1.2736140470117348
7.150860344137655,-2.867408314455039
7.154861944777911,-2.6125837919503603
7.158863545418168,-0.23128428234209547
7.162865146058424,-1.7517114509733374
7.1668667466986795,-3.0161305129806615
7.170868347338936,-3.6746279181801222
7.174869947979192,2.1177704120469136
7.178871548619448,-4.676876155518471
7.182873149259704,-1.8879954627503424
7.18687474989996,-1.2499781662059692
7.190876350540217,-2.6205947268955123
7.194877951180472,-1.2087581481739662
7.1988795518207285,-1.8372675840332904
7.202881152460985,-2.015196451050631
7.206882753101241,-3.406718867171964
7.210884353741497,1.4818914611471967
7.214885954381753,-2.07634488282483
7.218887555022009,-4.226672744845154
7.222889155662265,0.22866905316885103
7.226890756302521,0.922669209910911
7.230892356942777,-4.244974139113103
7.234893957583034,0.36446955002467507
7.238895558223289,-1.2792798071791014
7.242897158863546,-0.09811547472835176
7.246898759503802,-0.8206937766961562
7.250900360144058,0.014130403128411934
7.254901960784314,-1.0894107503893764
7.25890356142457,-0.8195493442947553
7.262905162064826,3.492820644556963
7.266906762705083,-3.049029959250965
7.270908363345338,0.2883350400220938
7.2749099639855945,1.552442561431158
7.278911564625851,1.1257714791074553
7.282913165266106,-0.5773864664445932
7.286914765906363,0.6693577681791514
7.290916366546619,1.2673553283483427
7.294917967186875,2.2421216773492034
7.298919567827131,0.08644843251821607
7.302921168467387,1.3278737405816416
7.3069227691076435,0.8409093306449092
7.3109243697479,2.6861349985389276
7.314925970388155,1.8700076469305962
7.318927571028412,-0.1127292218782367
7.322929171668668,3.1783182187946375
7.326930772308923,0.17557088061919818
7.33093237294918,4.444983739493241
7.334933973589436,-0.4318004203879161
7.3389355742296924,1.101925089065801
7.342937174869948,3.390760211008622
7.346938775510204,2.4952576620620786
7.350940376150461,0.03391211231983385
7.354941976790717,1.3267676690227483
7.358943577430972,3.617121431711074
7.362945178071229,1.1581029046703668
7.366946778711485,0.5826110173328954
7.370948379351741,2.6643573257105535
7.374949979991997,0.6411635245624723
7.378951580632253,0.9125561501393201
7.3829531812725095,4.295653887515578
7.386954781912765,-2.518978318396545
7.390956382553021,1.9973649485527831
7.394957983193278,2.2522753595223945
7.398959583833534,1.7616020827206293
7.4029611844737895,-2.357222462547417
7.406962785114046,1.767508938620163
7.410964385754302,2.5809006955389737
7.4149659863945585,-2.208837894557905
7.418967587034814,1.3030398912726022
7.42296918767507,-0.1087691988605377
7.426970788315327,-0.636494867551189
7.430972388955582,0.9789074151390798
7.434973989595838,0.2044100364148877
7.438975590236095,-2.598163685138267
7.442977190876351,0.8536937817973714
7.446978791516607,0.22863451352818717
7.450980392156863,-0.5326383288236098
7.454981992797119,-3.6464683006920713
7.458983593437376,1.9247593919676695
7.462985194077631,-1.1105904130634754
7.466986794717887,-1.6584910581120502
7.470988395358144,-0.5784111240446742
7.4749899959984,-2.3610883505303204
7.4789915966386555,1.2104455271196835
7.482993197278912,-2.391093271626628
7.486994797919168,-1.06640921516211
7.490996398559424,-1.8555019801138632
7.49499799919968,-0.025398759307874982
7.498999599839936,-0.7876562349060748
7.503001200480193,-1.3485259080122987
7.507002801120448,-2.047437498501951
7.5110044017607045,0.057823769515502735
7.515006002400961,-0.594478682578274
7.519007603041217,-0.40849264735748975
7.523009203681473,-3.3531292923421656
7.527010804321729,1.1021477494872114
7.531012404961985,1.2160811762065866
7.535014005602241,-3.6124272421555124
7.539015606242497,1.1664070679414487
7.5430172068827535,-0.8358815952245336
7.54701880752301,0.7854688999576381
7.551020408163265,-1.2849410834246
7.555022008803522,1.186219545059241
7.559023609443778,-1.3107294517592443
7.563025210084034,0.6700637181624471
7.56702681072429,2.7116283751777943
7.571028411364546,-1.7653961217567327
7.575030012004802,-0.8679099351417148
7.579031612645059,4.174870477718996
7.583033213285314,0.018497254712357226
7.5870348139255706,-1.026864233599759
7.591036414565827,2.355245291092781
7.595038015206082,1.1515312767262815
7.599039615846339,1.5663541708518232
7.603041216486595,0.03189897390623994
7.607042817126851,3.180386517938407
7.611044417767107,-1.4455830818276814
7.615046018407363,4.213804595578791
7.6190476190476195,1.739256683257275
7.623049219687876,-1.0887381831073
7.627050820328131,2.8897008958280166
7.631052420968388,2.7521292954938685
7.635054021608644,1.0956560318119548
7.6390556222488994,-0.10637504585970363
7.643057222889156,2.520489714007569
7.647058823529412,2.153710925139371
7.6510604241696685,1.1857229402317984
7.655062024809924,0.7225960313310908
7.65906362545018,1.7670159908382153
7.663065226090437,0.6752595535709666
7.667066826730693,3.488242040939175
7.671068427370948,-1.5102400601275967
7.675070028011205,1.927091441727914
7.679071628651461,0.7264879044243644
7.6830732292917165,1.391854263156904
7.687074829931973,1.4017135551067377
7.691076430572229,-1.8376755077318956
7.695078031212486,2.0115551829169647
7.699079631852741,0.7942048548600257
7.703081232492997,0.503575503455601
7.707082833133254,-2.2065505833651016
7.71108443377351,1.2333686703359434
7.7150860344137655,1.0421322570244538
7.719087635054022,-1.6143815990547485
7.723089235694278,-1.141209414112433
7.7270908363345345,1.272338017958825
7.73109243697479,-2.6985142864957306
7.735094037615046,1.1462562033247803
7.739095638255303,-1.4051314891750253
7.743097238895558,-2.923370604071234
7.7470988395358145,0.16700911593590423
7.751100440176071,-0.22648207869037382
7.755102040816327,-1.8681109333116228
7.759103641456583,-4.695521162015517
7.763105242096839,2.7720680189272024
7.767106842737095,-2.845396496728485
7.771108443377352,-3.0751526659631194
7.775110044017607,-0.7600460880416594
7.779111644657863,-1.6690411448766955
7.78311324529812,-2.3684234810146747
7.787114845938375,-0.5647773503647386
7.791116446578632,-2.9307631159569594
7.795118047218888,-2.5944458597342943
7.799119647859144,-0.7459681884445086
7.8031212484994,-0.6873993544257978
7.807122849139656,-4.091462602272506
7.811124449779912,-2.3581581355414016
7.815126050420169,1.725975368136499
7.819127651060424,-4.3444700847687185
7.8231292517006805,-0.6747912133763412
7.827130852340937,-2.7575516261981807
7.831132452981193,-0.057587815999914624
7.835134053621449,-1.4244346977421136
7.839135654261705,-1.829995773956888
7.843137254901961,-1.4348217148634665
7.847138855542217,-1.2895007611521774
7.851140456182473,0.26904690725585895
7.8551420568227295,-1.749451406841386
7.859143657462986,-1.78604351919391
7.863145258103241,-0.26222270175763757
7.867146858743498,0.13972273238756586
7.871148459383754,-0.6392060665898243
7.87515006002401,-0.7991885642365164
7.879151660664266,-2.080045223350114
7.883153261304522,3.6507392936389707
7.887154861944778,-2.179297292597628
7.891156462585034,-0.4359063933714625
7.89515806322529,0.3755986122690246
7.899159663865547,1.32155475795502
7.903161264505803,-0.03360582521058826
7.907162865146058,-0.559833696608434
7.911164465786315,2.0181358851722306
7.915166066426571,-1.3806864619748904
7.919167667066827,2.640954762498281
7.923169267707083,0.9280291505442957
7.927170868347339,-1.7695063010905616
7.9311724689875955,1.6307223517673692
7.935174069627852,3.6748465281952893
7.939175670268107,-1.9671171956439137
7.943177270908364,0.8885322642259694
7.94717887154862,1.8217840236342264
7.9511804721888755,2.207719945838509
7.955182072829132,-1.3401862510609583
7.959183673469388,2.158514466817442
7.9631852741096445,1.1247241834115111
7.9671868747499,-0.7383103884087238
7.971188475390156,4.281870435865861
7.975190076030413,-1.6880972253303543
7.979191676670669,0.5745559872046722
7.983193277310924,1.9354648325455903
7.987194877951181,2.112662960986284
7.991196478591437,-1.696495641988392
7.995198079231693,0.5861906624967294
7.999199679871949,2.278317517198031
8.003201280512204,0.4165017260617194
8.00720288115246,-0.8843580396076131
8.011204481792717,1.339401790228341
8.015206082432973,-0.5341136111081435
8.01920768307323,1.3285863222833802
8.023209283713486,0.33627898375397236
8.027210884353742,-1.9085255364698372
8.031212484993999,1.864108977873589
8.035214085634253,-0.9429576687236833
8.03921568627451,1.678156349462573
8.043217286914766,-2.46743304998047
8.047218887555022,0.4502698966895088
8.051220488195279,0.46844538601739555
8.055222088835535,0.05849502458584343
8.059223689475791,-1.344924494961469
8.063225290116046,-1.590037947289232
8.067226890756302,1.6816715900326564
8.071228491396559,-0.42340361362427875
8.075230092036815,-2.5815954406587567
8.079231692677071,0.6759646038212108
8.083233293317328,0.11509465743666891
8.087234893957584,-1.6151137217254286
8.09123649459784,1.045743524237834
8.095238095238095,-2.6704860589221733
8.099239695878351,0.2459135623685462
8.103241296518608,-0.5290849291057079
8.107242897158864,1.4800471013298107
8.11124449779912,-3.967981733644558
8.115246098439377,0.2338712086027983
8.119247699079633,2.859387165955549
8.123249299719888,-3.263874253076599
8.127250900360144,-0.3620368844177136
8.1312525010004,0.8017060255646278
8.135254101640657,-0.10564355912076835
8.139255702280913,-0.8376299665318583
8.14325730292117,0.8111743735096802
8.147258903561426,-1.1389129491385528
8.15126050420168,0.2168200976745589
8.155262104841936,1.3108172442885457
8.159263705482193,0.5537051483024816
8.16326530612245,-3.417663510451326
8.167266906762706,3.728134110379992
8.171268507402962,0.529055603513287
8.175270108043218,-1.3936020312281336
8.179271708683475,0.9867659435540417
8.183273309323729,0.5934125156171516
8.187274909963985,2.0451205288866543
8.191276510604242,-1.0552613168093796
8.195278111244498,1.809758129729569
8.199279711884754,-0.3038266920477496
8.20328131252501,2.1764137238306036
8.207282913165267,1.1879905367454533
8.211284513805522,-0.2610864496461929
8.215286114445778,0.7737322641407516
8.219287715086034,2.60988571495008
8.22328931572629,0.4705176370552096
8.227290916366547,1.4070981896829273
8.231292517006803,-0.5376297684917186
8.23529411764706,2.7236262205051585
8.239295718287316,2.5101904116501137
8.24329731892757,-1.2468617349504398
8.247298919567827,2.0645279247197923
8.251300520208083,1.0619038316560976
8.25530212084834,3.2129723574862523
8.259303721488596,-1.5051009328236802
8.263305322128852,2.5513151319521863
8.267306922769109,1.1556984911852435
8.271308523409363,0.6412395617275509
8.27531012404962,2.6866137914706356
8.279311724689876,0.059070293448286536
8.283313325330132,-0.3699657725544948
8.287314925970389,3.584332915690724
8.291316526610645,1.282762189073904
8.295318127250901,-1.4610203107154514
8.299319727891156,1.5833770581863027
8.303321328531412,2.7083401027636897
8.307322929171669,0.5251004185975042
8.311324529811925,-1.6288729002408817
8.315326130452181,4.120487262483277
8.319327731092438,-1.7629240992069815
8.323329331732694,2.051448661671013
8.32733093237295,1.1143489252805026
8.331332533013205,-1.2119555883467852
8.335334133653461,0.830440002423558
8.339335734293718,1.9855456342764994
8.343337334933974,0.4128269099554834
8.34733893557423,-2.4046442164276995
8.351340536214487,2.3545382394685728
8.355342136854743,1.3428312029361429
8.359343737494997,-1.5589812898074311
8.363345338135254,-0.17830801455037396
8.36734693877551,1.3351939713267524
8.371348539415767,-1.1885620073897007
8.375350140056023,1.7860188316177827
8.37935174069628,-2.3750494624332337
8.383353341336536,0.619008802842429
8.387354941976792,-0.21618093707963862
8.391356542617046,0.6762782112529966
8.395358143257303,-0.930399875677271
8.39935974389756,-2.0082074656492863
8.403361344537815,1.8378902305809852
8.407362945178072,-1.3329319357829905
8.411364545818328,-0.09177972240262372
8.415366146458584,-2.4713630380344744
8.419367747098839,0.2644162722657566
8.423369347739095,0.5344713884884923
8.427370948379352,-2.1167729509986994
8.431372549019608,-2.2429652089635987
8.435374149659864,1.239604801505984
8.43937575030012,-2.013855166353813
8.443377350940377,-0.6097461611383584
8.447378951580633,-1.7596237586485548
8.451380552220888,-1.114799739723369
8.455382152861144,-1.1685447247269178
8.4593837535014,-0.7258678193648775
8.463385354141657,-0.9621480410227375
8.467386954781913,-5.232616760315065
8.47138855542217,2.535181733874048
8.475390156062426,-2.132080306180181
8.47939175670268,-3.8491926299823973
8.483393357342937,-1.4614783375020886
8.487394957983193,-0.019486928593761187
8.49139655862345,-2.9297584176538076
8.495398159263706,-2.3472526182448377
8.499399759903962,-1.4045730725574646
8.503401360544219,-2.6009791764961836
8.507402961184473,-2.2462651326970784
8.51140456182473,-0.40262657657237555
8.515406162464986,-4.438979608659376
8.519407763105242,-3.357711776135832
8.523409363745499,1.6556081500091084
8.527410964385755,-4.933027836615819
8.531412565026011,-2.4993014889260046
8.535414165666268,-2.8020069508273866
8.539415766306522,-0.2749830600164861
8.543417366946779,-4.138080903575485
8.547418967587035,-2.642548851061587
8.551420568227291,-1.7295799193441002
8.555422168867548,-3.243057468754638
8.559423769507804,-0.9082804945923787
8.56342537014806,-3.1604194693712993
8.567426970788315,-3.3774350674680225
8.571428571428571,-1.0956596597688504
8.575430172068828,-1.3272807201765535
8.579431772709084,-3.136096834216847
8.58343337334934,-2.0591267180451354
8.587434973989597,-2.8371666067719534
8.591436574629853,0.8741852611525375
8.59543817527011,-3.857376238118546
8.599439775910364,-1.4893786809211513
8.60344137655062,-1.8752961891348856
8.607442977190876,0.3522052348803598
8.611444577831133,-1.5623304170968098
8.61544617847139,-3.059945846649793
8.619447779111646,1.4133088596577617
8.623449379751902,-1.8615836581635357
8.627450980392156,0.1971203225034057
8.631452581032413,-0.335060856379506
8.635454181672669,-1.0578641050275717
8.639455782312925,0.014785454523461167
8.643457382953182,2.5578746665433645
8.647458983593438,-1.2039424033161183
8.651460584233694,-0.41152654042824544
8.65546218487395,1.9617473457116057
8.659463785514205,3.5699324573494633
8.663465386154462,-2.271622347752369
8.667466986794718,2.637027196683081
8.671468587434974,3.508683015663793
8.67547018807523,-0.09585056207062989
8.679471788715487,4.118804472302538
8.683473389355743,1.2017319543595089
8.687474989995998,2.7057510878516373
8.691476590636254,2.688490294018754
8.69547819127651,5.2643039680130865
8.699479791916767,0.7167268275394377
8.703481392557023,2.7344804400489515
8.70748299319728,6.438029783045415
8.711484593837536,3.314889591485519
8.71548619447779,1.508872032091277
8.719487795118047,5.872203994972056
8.723489395758303,3.9213100263225336
8.72749099639856,4.1823881235069145
8.731492597038816,4.439449584248126
8.735494197679072,3.2853231991938587
8.739495798319329,5.652743049273215
8.743497398959585,3.915691530479692
8.74749899959984,6.124365475957928
8.751500600240096,1.3662848626758728
8.755502200880352,6.249001520216272
8.759503801520609,4.93157070010748
8.763505402160865,3.702514012959914
8.767507002801121,3.7820192544778397
8.771508603441378,3.596539098530298
8.775510204081632,5.73223649186975
8.779511804721889,3.846025135208855
8.783513405362145,2.0868636393731155
8.787515006002401,4.158807682492525
8.791516606642658,4.7486134600383885
8.795518207282914,2.381493454587896
8.79951980792317,3.0916477401348765
8.803521408563427,2.041827000909911
8.807523009203681,4.164068331606825
8.811524609843937,0.7360026986382652
8.815526210484194,4.248619853186263
8.81952781112445,-0.9113564008651559
8.823529411764707,1.6432051229063331
8.827531012404963,4.390270371329263
8.83153261304522,-1.2100552628270573
8.835534213685474,-0.29503270487863964
8.83953581432573,1.5198052067191545
8.843537414965986,1.6692452105318247
8.847539015606243,-2.6822491921488822
8.8515406162465,-0.018788712047960725
8.855542216886755,-0.05030030611849136
8.859543817527012,-1.7983389204913671
8.863545418167266,-1.033379067864967
8.867547018807523,-0.3262893554553665
8.871548619447779,-5.43684148076941
8.875550220088035,0.6346954098401184
8.879551820728292,-1.7119345068868532
8.883553421368548,-4.629925816411251
8.887555022008804,-3.353713172799386
8.89155662264906,-1.5438729589072986
8.895558223289315,-2.109676044892674
8.899559823929572,-6.670687820982361
8.903561424569828,-1.3139163184913079
8.907563025210084,-4.511547519410907
8.91156462585034,-3.4491471579700357
8.915566226490597,-3.5930898248990935
8.919567827130853,-5.021371438958454
8.923569427771108,-4.567322890962166
8.927571028411364,-2.3177716861889954
8.93157262905162,-5.012099802580194
8.935574229691877,-4.712441607051088
8.939575830332133,-4.984640045670198
8.94357743097239,-2.378384274162522
8.947579031612646,-4.313324685360926
8.951580632252902,-5.7928072051916795
8.955582232893157,-3.0237612627444994
8.959583833533413,-4.622759189884271
8.96358543417367,-1.4436357485999474
8.967587034813926,-6.927328537761003
8.971588635454182,-2.5190928079396278
8.975590236094439,-2.543720775421397
8.979591836734695,-3.7249769288282617
8.98359343737495,-2.935145185216385
8.987595038015206,-3.1276191095043773
8.991596638655462,-3.0181508762312914
8.995598239295719,-1.5397403788970945
8.999599839935975,-1.8028097658560966
9.003601440576231,-3.639333486436586
9.007603041216488,-2.110998546382814
9.011604641856744,0.9282124778812972
9.015606242496998,-1.4225549989898918
9.019607843137255,-4.722933353773742
9.023609443777511,3.0058884854696437
9.027611044417768,-1.854108824426217
9.031612645058024,-0.32835237108640175
9.03561424569828,-0.4273374297367401
9.039615846338537,0.3042725752107051
9.043617446978791,-0.13682435879907962
9.047619047619047,1.1237007687467477
9.051620648259304,1.944180120740381
9.05562224889956,-2.384468416598065
9.059623849539816,3.0357530335845846
9.063625450180073,3.310915161142225
9.06762705082033,-1.0206977946583033
9.071628651460584,0.6770541334841818
9.07563025210084,4.142423103318462
9.079631852741096,0.660004385246537
9.083633453381353,2.3583625230294567
9.087635054021609,0.7277876710695483
9.091636654661865,3.316695106878644
9.095638255302122,1.180336292999417
9.099639855942378,3.549039146707277
9.103641456582633,1.2509443623312435
9.107643057222889,0.5053416203098988
9.111644657863145,5.283751848151707
9.115646258503402,0.7667859045670311
9.119647859143658,2.039927821538754
9.123649459783914,1.0931224680732432
9.12765106042417,3.4669871419104217
9.131652661064425,2.3371531930978757
9.135654261704682,0.9052406187377597
9.139655862344938,0.9400385076755502
9.143657462985194,3.367918054658977
9.14765906362545,1.396264574979375
9.151660664265707,1.3540649527688942
9.155662264905963,0.03265546202378222
9.15966386554622,2.759120132840807
9.163665466186474,0.9696498008778582
9.16766706682673,0.3913763261232765
9.171668667466987,2.058438875502772
9.175670268107243,-2.1560121556840954
9.1796718687475,3.6364965221239873
9.183673469387756,0.04993706825407777
9.187675070028012,-1.0033695685930881
9.191676670668267,-0.6152732327472435
9.195678271308523,2.667011375251328
9.19967987194878,-0.6383691246269139
9.203681472589036,-2.3173297547054803
9.207683073229292,1.4018579404069869
9.211684673869549,0.275769715290141
9.215686274509805,-2.0513682607922887
9.219687875150061,1.0324207808476307
9.223689475790316,-1.3665070822759526
9.227691076430572,-2.1462535056044203
9.231692677070829,2.4667680625596984
9.235694277711085,-2.3905012398325263
9.239695878351341,-1.6373930995220607
9.243697478991598,-1.4276012210075035
9.247699079631854,2.6917612616773723
9.251700680272108,-3.7815497005883216
9.255702280912365,-1.5219601574217658
9.259703881552621,1.2281549055110634
9.263705482192877,-1.8942272423431636
9.267707082833134,-0.2873168608438074
9.27170868347339,-1.0466121387536351
9.275710284113647,-1.2441701567191976
9.279711884753901,-0.20863320818480735
9.283713485394157,0.5516864148455739
9.287715086034414,-1.6729978505989074
9.29171668667467,-0.9659785056524476
9.295718287314926,0.10023095714977205
9.299719887955183,1.8491003714328071
9.30372148859544,-3.1248081178073654
9.307723089235695,1.164162253350686
9.31172468987595,-0.36747590945528813
9.315726290516206,1.4345525730410436
9.319727891156463,-0.06005999829513208
9.323729491796719,-1.590105291791979
9.327731092436975,2.7445387913658044
9.331732693077232,0.0854695517835628
9.335734293717488,1.0051533389215246
9.339735894357743,-0.1972273688176333
9.343737494997999,1.5235039789904081
9.347739095638255,0.9515776948094646
9.351740696278512,1.7750660985890996
9.355742296918768,0.5739869030238217
9.359743897559024,0.4317168832537597
9.36374549819928,1.6094548798391195
9.367747098839537,4.258865689594911
9.371748699479792,-2.1621963460781295
9.375750300120048,1.7068886221480302
9.379751900760304,4.0105863410404625
9.38375350140056,0.12769833440297718
9.387755102040817,1.5319084490536066
9.391756702681073,1.0101286889840986
9.39575830332133,3.16670735803787
9.399759903961584,-0.3635208063004625
9.40376150460184,3.7720975321172983
9.407763105242097,0.08336991789927145
9.411764705882353,0.013775306163290493
9.41576630652261,4.17969603905502
9.419767907162866,1.5014886271774381
9.423769507803122,-1.892423355215107
9.427771108443377,2.9348622157147553
9.431772709083633,2.283468662064689
9.43577430972389,0.04958757231203164
9.439775910364146,0.1278040898023019
9.443777511004402,1.4964531776607288
9.447779111644659,1.4473269036992336
9.451780712284915,-0.7081704429610822
9.455782312925171,2.8957013632000708
9.459783913565426,-2.718812239774233
9.463785514205682,2.1941578011505727
9.467787114845938,1.13444211898578
9.471788715486195,-0.9459919691800778
9.475790316126451,-0.8397157983307925
9.479791916766708,0.35765360264835633
9.483793517406964,1.1807703117343091
9.487795118047218,-1.4303866135849523
9.491796718687475,-1.1716637795306089
9.495798319327731,-0.0794028974901525
9.499799919967987,0.13566369913906945
9.503801520608244,-1.0881880898425795
9.5078031212485,-1.350374802395003
9.511804721888756,-1.7342516588113428
9.515806322529013,1.3510052015047647
9.519807923169267,-3.41895429915873
9.523809523809524,0.31454199347618017
9.52781112444978,-2.734804120145341
9.531812725090036,-1.058124874062955
9.535814325730293,0.16565894020933988
9.539815926370549,-2.80373330624724
9.543817527010805,-2.1653884902872598
9.54781912765106,-1.265678763337353
9.551820728291316,1.160206068368411
9.555822328931573,-4.330166479472377
9.559823929571829,-1.9488749797460332
9.563825530212085,0.6492732938573762
9.567827130852342,-1.984427837385403
9.571828731492598,-2.829454145316768
9.575830332132854,0.5033732134589493
9.579831932773109,-3.6167120657601086
9.583833533413365,-0.0007773168200310987
9.587835134053622,-0.834624362677918
9.591836734693878,-2.0542645232960317
9.595838335334134,-2.782110967767882
9.59983993597439,0.7037021693922842
9.603841536614647,0.5547640181318213
9.607843137254902,-5.5917128541279455
9.611844737895158,1.5891981325846094
9.615846338535414,-0.6055128504595811
9.61984793917567,-1.3108724500667641
9.623849539815927,-1.2012353809046947
9.627851140456183,-0.4084611348393359
9.63185274109644,-1.2200183792855945
9.635854341736694,0.41156795909095634
9.63985594237695,-0.5835373940858403
9.643857543017207,-1.351056515216179
9.647859143657463,-1.015847224919461
9.65186074429772,2.3164492465558397
9.655862344937976,-1.33110650542188
9.659863945578232,-1.8839720029077838
9.663865546218489,1.8808149384813582
9.667867146858743,-0.9327390447349662
9.671868747499,1.6821977793196656
9.675870348139256,-2.796183289220973
9.679871948779512,1.3839592033391457
9.683873549419769,0.4817304199880391
9.687875150060025,0.25423876297794223
9.691876750700281,-0.5745706787897048
9.695878351340536,-0.27487547356657654
9.699879951980792,1.2624601106509363
9.703881552621048,0.0039858853326471405
9.707883153261305,-0.002160568140973762
9.711884753901561,-0.15545366114201611
9.715886354541817,-0.2804048734533262
9.719887955182074,1.8999990752306724
9.72388955582233,0.6143951562026746
9.727891156462585,-3.349004538395969
9.731892757102841,3.318812468466613
9.735894357743097,0.033415121468528534
9.739895958383354,-0.10818184391444696
9.74389755902361,-1.6109949458047301
9.747899159663866,2.0428794139568964
9.751900760304123,-0.28696651022325664
9.755902360944377,-1.1139136871466064
9.759903961584634,2.0323332158088143
9.76390556222489,-2.3905827272504614
9.767907162865146,0.9625584357309991
9.771908763505403,1.9557948975067545
9.775910364145659,-1.773511121319735
9.779911964785915,-1.7119215600595223
9.78391356542617,2.9454774188696224
9.787915166066426,-0.19594992675657283
9.791916766706683,-1.3479482694518112
9.795918367346939,-0.7538403518047749
9.799919967987195,2.666933525667712
9.803921568627452,-2.257631250845547
9.807923169267708,1.093875117527983
9.811924769907964,0.10231906074000276
9.815926370548219,-1.7942318759401388
9.819927971188475,2.6245720185618833
9.823929571828732,-0.9127253082385899
9.827931172468988,-0.429665619172503
9.831932773109244,-1.0229092867083782
9.8359343737495,2.555996624277828
9.839935974389757,-0.5791119480023386
9.843937575030012,-1.1197910745736923
9.847939175670268,0.42655866031398554
9.851940776310524,1.2396415206725349
9.85594237695078,-0.3265054109782071
9.859943977591037,0.49257102216995247
9.863945578231293,-1.226682967867984
9.86794717887155,2.168114694634875
9.871948779511806,0.4461318813820995
9.87595038015206,-0.9157595393595758
9.879951980792317,1.5695394319683562
9.883953581432573,-0.9862134904815528
9.88795518207283,2.8797774297159022
9.891956782713086,-0.860901109068048
9.895958383353342,0.6379541217828619
9.899959983993599,-0.600195876390886
9.903961584633853,2.8125578695646163
9.90796318527411,0.8571313434767468
9.911964785914366,-2.1223171254197912
9.915966386554622,2.050634723481297
9.919967987194878,2.5906068678493153
9.923969587835135,-1.2868017650845665
9.927971188475391,0.9358412873353102
9.931972789115648,1.5004578920731555
9.935974389755902,-0.12319387057900974
9.939975990396158,2.0160772366483353
9.943977591036415,0.28722490165895914
9.947979191676671,0.48025520193631666
9.951980792316927,-0.9431572225441682
9.955982392957184,5.088424651543133
9.95998399359744,-2.1304310875470467
9.963985594237695,-0.7974480735454621
9.967987194877951,3.513029714962037
9.971988795518207,0.2815312287445348
9.975990396158464,-0.35452323720217244
9.97999199679872,0.38000316885110197
9.983993597438976,1.590786377813785
9.987995198079233,-0.24813934861780854
9.991996798719487,1.18023624601038
9.995998399359744,0.02222735390257982
10.0,-0.8445146768096714
